GAME_ID,GAME_DATE,HOME_TEAM,AWAY_TEAM,HOME_PPG_10,AWAY_PPG_10,HOME_PACE_10,AWAY_PACE_10,LEAGUE_PACE_30D,SIMULATED_LINE,TOTAL_PTS,TARGET_OVER,RESIDUAL
22100202,2021-11-15,ATL,ORL,110.5,106.2,97.8,97.8,97.8,219.03456,240,1,20.96544
22100202,2021-11-15,ATL,ORL,110.5,106.2,97.8,97.8,96.23047953737071,217.347011598581,240,1,22.65298840141901
22100215,2021-11-17,ATL,BOS,110.5,106.2,97.8,97.8,97.8,219.03456,209,0,-10.034559999999999
22100215,2021-11-17,ATL,BOS,110.5,106.2,97.8,97.8,91.3269706371015,212.07475882901156,209,0,-3.0747588290115573
22100242,2021-11-20,ATL,CHA,110.5,106.2,97.8,97.8,97.41975477213258,218.62572033099696,220,1,1.3742796690030445
22100242,2021-11-20,ATL,CHA,110.5,106.2,97.8,97.8,97.8,219.03456,220,1,0.965440000000001
22100255,2021-11-22,ATL,OKC,110.5,106.2,97.8,97.8,95.12379989235923,216.15710964426466,214,0,-2.157109644264665
22100255,2021-11-22,ATL,OKC,110.5,106.2,97.8,97.8,94.01373677199877,214.9635697772531,214,0,-0.9635697772530989
22100293,2021-11-27,ATL,NYK,110.5,106.2,97.8,97.8,97.8,219.03456,189,0,-30.03456
22100335,2021-12-03,ATL,PHI,110.5,106.2,98.67912755393141,91.26979016943613,98.7934521641084,220.10271976684936,194,0,-26.10271976684936
22100335,2021-12-03,ATL,PHI,110.5,106.2,98.67912755393141,91.26979016943613,97.8,219.03456,194,0,-25.03456
22100350,2021-12-05,ATL,CHA,110.5,106.2,97.4925578257168,103.24396725362018,97.8,219.03456,257,1,37.96544
22100384,2021-12-10,ATL,BKN,110.5,106.2,99.59618367558647,97.52149941794741,97.8,219.03456,218,0,-1.034559999999999
22100407,2021-12-13,ATL,HOU,110.625,106.2,99.40662075024,98.49001913066655,97.8,219.09956,258,1,38.90044
22100434,2021-12-17,ATL,DEN,112.33333333333333,108.9,100.06104252188788,99.3867416844649,97.8,221.39189333333334,248,1,26.608106666666657
22100470,2021-12-22,ATL,ORL,112.6,102.7,101.10270918855456,95.45942906624248,97.8,218.30656,202,0,-16.30655999999999
22100502,2021-12-27,ATL,CHI,109.5,110.22222222222223,98.09497607438838,99.51432352702881,97.8,220.60611555555556,248,1,27.39388444444444
22200214,2022-11-16,ATL,BOS,110.3,109.0,102.3283616640105,96.55030921399096,97.8,220.38656,227,1,6.613439999999997
22200235,2022-11-19,ATL,TOR,108.9,109.875,101.22530328584752,96.47279522570007,97.8,220.11356,246,1,25.886439999999993
22200263,2022-11-23,ATL,SAC,110.0,113.0,100.81221501464297,101.02562135051245,99.9495407763151,224.621746242694,221,0,-3.6217462426940017
22200263,2022-11-23,ATL,SAC,110.0,113.0,100.81221501464297,101.02562135051245,100.87290994176546,225.61455276938625,221,0,-4.6145527693862505
22200293,2022-11-27,ATL,MIA,112.5,102.0,101.03364469707459,95.10630715831705,102.92054599937251,223.39617105852534,204,0,-19.39617105852534
22200293,2022-11-27,ATL,MIA,112.5,102.0,101.03364469707459,95.10630715831705,97.8,217.89056,204,0,-13.890559999999994
22200327,2022-12-02,ATL,DEN,112.7,109.9,100.78023467796878,96.21190452513741,102.91028903444916,227.59714276983976,226,0,-1.5971427698397633
22200327,2022-12-02,ATL,DEN,112.7,109.9,100.78023467796878,96.21190452513741,97.8,222.10256,226,1,3.897439999999989
22200354,2022-12-05,ATL,OKC,111.7,109.3,101.8898182603557,101.18845697007497,98.80944411237297,222.35591430962344,235,1,12.644085690376556
22200354,2022-12-05,ATL,OKC,111.7,109.3,101.8898182603557,101.18845697007497,97.8,221.27056000000002,235,1,13.729439999999983
22200400,2022-12-11,ATL,CHI,112.6,111.6,99.73021218253831,101.59558186300262,97.8,222.93456,245,1,22.065439999999995
22200454,2022-12-19,ATL,ORL,112.3,102.8,101.65823172519528,98.29485045851443,97.8,218.20256,251,1,32.797439999999995
22200468,2022-12-21,ATL,CHI,113.4,114.7,101.69527973942172,101.71118607917487,98.98620657659059,226.2379693111502,218,0,-8.23796931115021
22200468,2022-12-21,ATL,CHI,113.4,114.7,101.69527973942172,101.71118607917487,97.8,224.96256,218,0,-6.962559999999996
22200481,2022-12-23,ATL,DET,114.4,113.8,102.24760388484752,102.58360236219477,97.8,225.01456000000002,235,1,9.985439999999983
22200517,2022-12-28,ATL,BKN,115.6,118.1,103.69756665030572,103.41095966394856,97.8,227.87456,215,0,-12.874560000000002
22200530,2022-12-30,ATL,LAL,116.2,115.7,103.25316163934737,105.49243689420602,97.8,226.93856,251,1,24.061440000000005
22300193,2023-11-15,ATL,NYK,115.9,118.0,103.84839973458547,98.49249670324247,97.8,227.97856000000002,230,1,2.021439999999984
22300029,2023-11-17,ATL,PHI,115.8,111.9,104.96197016275671,100.33719394777512,97.8,224.75456000000003,242,1,17.245439999999974
22301209,2023-12-06,ATL,BKN,124.4,122.4,107.91604130285589,102.68768927039902,98.2743040521145,235.19653171683353,227,0,-8.196531716833533
22301209,2023-12-06,ATL,BKN,124.4,122.4,107.91604130285589,102.68768927039902,97.8,234.68656000000001,227,0,-7.686560000000014
22300296,2023-12-11,ATL,DEN,123.4,110.8,108.25147892257303,101.70563599752133,107.21449163726689,238.25702140838936,251,1,12.742978591610637
22300296,2023-12-11,ATL,DEN,123.4,110.8,108.25147892257303,101.70563599752133,97.8,228.13456000000002,251,1,22.86543999999998
22300352,2023-12-18,ATL,DET,123.0,107.4,108.28915874345536,103.1846794680215,97.8,226.15856000000002,254,1,27.841439999999977
22300393,2023-12-23,ATL,MEM,125.2,108.8,109.44523053062262,96.7929767537244,103.577365606685,234.24238350030774,244,1,9.757616499692261
22300393,2023-12-23,ATL,MEM,125.2,108.8,109.44523053062262,96.7929767537244,97.8,228.03056,244,1,15.969439999999992
22300431,2023-12-29,ATL,SAC,124.1,116.0,108.9388111741771,105.73425288881502,105.28410508041434,239.2494697824615,227,0,-12.249469782461489
22300431,2023-12-29,ATL,SAC,124.1,116.0,108.9388111741771,105.73425288881502,97.8,231.20256,227,0,-4.202560000000005
22400012,2024-11-15,ATL,WAS,124.4,117.2,109.0068533142523,107.61746649040698,97.8,231.98256,246,1,14.017439999999993
22400012,2024-11-15,ATL,WAS,124.4,117.2,109.0068533142523,107.61746649040698,100.67318735986794,235.07181104933002,246,1,10.928188950669977
22400280,2024-11-25,ATL,DAL,125.2,118.3,106.7717335690765,103.35167862338652,97.8,232.97056000000003,248,1,15.029439999999965
22400041,2024-11-29,ATL,CLE,125.7,110.5,106.54758533237596,104.73596327213848,98.63378286990762,230.0710433417247,218,0,-12.071043341724703
22400041,2024-11-29,ATL,CLE,125.7,110.5,106.54758533237596,104.73596327213848,97.8,229.17456,218,0,-11.174560000000014
22400315,2024-12-02,ATL,NOP,125.8,110.7,104.6158336650603,96.7260019146308,97.8,229.33056000000002,236,1,6.66943999999998
22400350,2024-12-08,ATL,DEN,121.7,112.8,104.02328641571485,102.22880566812914,97.8,228.29056000000003,252,1,23.709439999999972
22400350,2024-12-08,ATL,DEN,121.7,112.8,104.02328641571485,102.22880566812914,102.1553838423351,232.9734687072787,252,1,19.0265312927213
22400378,2024-12-21,ATL,MEM,121.5,120.5,103.94923097609059,107.36017216527404,97.8,232.19056,240,1,7.809439999999995
22400378,2024-12-21,ATL,MEM,121.5,120.5,103.94923097609059,107.36017216527404,97.19558833816765,231.5406965811979,240,1,8.459303418802108
22400395,2024-12-23,ATL,MIN,120.5,109.6,103.29446907132869,93.04495376708707,97.8,226.00256000000002,221,0,-5.002560000000017
22400427,2024-12-28,ATL,MIA,121.4,108.7,102.28580200617627,98.27158673358804,97.8,226.00256000000002,230,1,3.9974399999999832
22500251,2025-11-18,ATL,DET,122.4,116.5,104.36264031107407,104.99192648732746,97.8,230.57855999999998,232,1,1.4214400000000182
22500276,2025-11-23,ATL,CHA,120.7,109.1,103.80232818223784,97.96935803451403,97.8,225.84656,223,0,-2.846560000000011
22500069,2025-11-28,ATL,CLE,120.1,117.3,105.54649357927009,100.33746175903997,97.8,229.79856,253,1,23.20143999999999
22500069,2025-11-28,ATL,CLE,120.1,117.3,105.54649357927009,100.33746175903997,104.2733386586789,236.75869372581155,253,1,16.241306274188446
22500327,2025-12-03,ATL,LAC,121.4,112.0,104.9702697430058,102.21615642018973,97.8,227.71856,207,0,-20.718559999999997
22500327,2025-12-03,ATL,LAC,121.4,112.0,104.9702697430058,102.21615642018973,100.9305746178009,231.08455382905953,207,0,-24.08455382905953
22500340,2025-12-05,ATL,DEN,118.2,123.8,103.05587535454502,110.05832987505745,97.8,232.19056,267,1,34.809439999999995
22501217,2025-12-14,ATL,PHI,118.1,114.9,104.60319729465805,99.87079912068502,97.8,227.51056,237,1,9.489440000000002
22501217,2025-12-14,ATL,PHI,118.1,114.9,104.60319729465805,99.87079912068502,98.71493865455051,228.49430204137272,237,1,8.50569795862728
22500383,2025-12-19,ATL,SAS,119.0,119.0,104.86053938438651,104.84575676743725,97.8,230.11056000000002,224,0,-6.110560000000021
22500411,2025-12-23,ATL,CHI,120.9,128.3,106.6584111341632,105.09142075329562,97.8,235.93456,249,1,13.065439999999995
22100210,2021-11-16,BKN,GSW,110.5,106.2,97.8,97.8,97.8,219.03456,216,0,-3.034559999999999
22100216,2021-11-17,BKN,CLE,110.5,106.2,97.8,97.8,97.8,219.03456,208,0,-11.034559999999999
22100216,2021-11-17,BKN,CLE,110.5,106.2,97.8,97.8,91.20911098478285,211.94803613083855,208,0,-3.9480361308385454
22100233,2021-11-19,BKN,ORL,110.5,106.2,97.8,97.8,97.8,219.03456,228,1,8.965440000000001
22100294,2021-11-27,BKN,PHX,110.5,106.2,97.8,97.8,97.8,219.03456,220,1,0.965440000000001
22100314,2021-11-30,BKN,NYK,110.5,106.2,97.8,97.8,97.8,219.03456,222,1,2.965440000000001
22100336,2021-12-03,BKN,MIN,110.5,106.2,97.8,94.9996312466967,97.8,219.03456,215,0,-4.034559999999999
22100343,2021-12-04,BKN,CHI,110.5,106.2,98.48992761004816,98.79859133917286,97.8,219.03456,218,0,-1.034559999999999
22100429,2021-12-16,BKN,PHI,111.25,101.0,98.70989381932596,91.92649136340357,97.8,216.72056000000003,219,1,2.2794399999999655
22100442,2021-12-18,BKN,ORL,111.55555555555556,104.0,98.37646169128801,95.78449382017753,97.8,218.43944888888888,193,0,-25.439448888888876
22100525,2021-12-30,BKN,PHI,109.7,105.3,98.04484626503454,94.11059585093939,97.8,218.15056,212,0,-6.150560000000013
22200243,2022-11-20,BKN,MEM,110.0,110.3,99.18298243410139,97.147603492067,97.8,220.90656,242,1,21.093439999999987
22200290,2022-11-27,BKN,POR,111.8,107.2,101.34719152654982,101.18452718689561,97.8,220.23056000000003,208,0,-12.230560000000025
22200290,2022-11-27,BKN,POR,111.8,107.2,101.34719152654982,101.18452718689561,102.20131028331053,224.96284881661552,208,0,-16.96284881661552
22200302,2022-11-28,BKN,ORL,111.4,103.3,100.29307066893723,98.19489569142418,97.8,217.99456,211,0,-6.994560000000007
22200315,2022-11-30,BKN,WAS,111.6,110.7,100.06210187731635,100.06965450093473,97.8,221.94656,220,0,-1.9465600000000052
22200329,2022-12-02,BKN,TOR,111.7,110.9,100.91329235350683,98.65754080915468,97.8,222.10256,219,0,-3.102560000000011
22200346,2022-12-04,BKN,BOS,112.1,114.4,100.31432362141078,102.15344548150756,97.8,224.13056,195,0,-29.130560000000003
22200364,2022-12-07,BKN,CHA,110.6,111.1,98.94417556218708,99.21887027333791,97.8,221.63456000000002,238,1,16.36543999999998
22200380,2022-12-09,BKN,ATL,109.7,107.3,99.87843786543475,99.69455742476744,97.8,219.19056,236,1,16.809439999999995
22200470,2022-12-21,BKN,GSW,110.3,113.9,101.36183373872996,103.84127710963897,97.8,222.93456,256,1,33.065439999999995
22200470,2022-12-21,BKN,GSW,110.3,113.9,101.36183373872996,103.84127710963897,98.89371890963714,224.11052657164186,256,1,31.889473428358144
22200483,2022-12-23,BKN,MIL,115.3,109.4,101.84872835247573,100.4302034530196,97.8,223.19456000000002,218,0,-5.194560000000024
22200483,2022-12-23,BKN,MIL,115.3,109.4,101.84872835247573,100.4302034530196,103.59396016193915,229.42422596611698,218,0,-11.424225966116978
22300208,2023-11-19,BKN,PHI,116.9,114.4,105.0099283960446,100.72085959246976,97.8,226.62656000000004,220,0,-6.62656000000004
22300240,2023-11-25,BKN,MIA,114.1,110.6,105.10432232516435,98.6479451218151,97.8,223.19456000000002,209,0,-14.194560000000024
22300250,2023-11-26,BKN,CHI,114.2,112.4,103.29628661087865,97.87399208685981,97.8,224.18256000000002,227,1,2.8174399999999764
22300054,2023-11-28,BKN,TOR,115.1,109.4,103.85432232516435,102.51639963261715,97.8,223.09056,218,0,-5.090560000000011
22300266,2023-11-30,BKN,CHA,115.3,113.4,103.1882299027182,102.7214657440328,97.8,225.27456,257,1,31.725439999999992
22300282,2023-12-02,BKN,ORL,116.7,108.5,103.69479975057436,102.82897554790236,97.8,223.45456000000001,230,1,6.545439999999985
22301219,2023-12-08,BKN,WAS,120.4,119.9,103.02251069897045,107.92634584311075,97.8,231.30656000000002,221,0,-10.306560000000019
22300368,2023-12-20,BKN,NYK,120.6,119.4,103.02976675683033,105.11886237897647,97.8,231.15056,223,0,-8.150560000000013
22300383,2023-12-22,BKN,DEN,118.8,111.9,103.48203702444151,102.67591376159994,97.8,226.31456000000003,239,1,12.685439999999971
22300394,2023-12-23,BKN,DET,116.2,109.3,103.92846559587008,104.11877190328204,97.8,223.61056000000002,241,1,17.38943999999998
22300417,2023-12-27,BKN,MIL,117.0,124.3,103.82850028769259,109.52245479046805,97.8,231.82656,266,1,34.17344
22400022,2024-11-19,BKN,CHA,119.3,108.5,104.26261756101037,101.81790774414071,97.8,224.80656,231,1,6.19344000000001
22400043,2024-11-29,BKN,ORL,119.7,108.9,103.45485951645763,97.58364953877742,97.8,225.22256000000002,223,0,-2.2225600000000156
22400305,2024-12-01,BKN,ORL,117.9,110.1,102.74770296136698,97.39950553598801,97.8,224.91056000000003,192,0,-32.91056000000003
22400320,2024-12-04,BKN,IND,115.6,115.9,100.49770296136698,106.53005542287025,97.8,226.73056000000003,189,0,-37.730560000000025
22400348,2024-12-08,BKN,MIL,112.7,121.2,99.90276125024269,102.58119011657828,102.073228815846,232.57313562279762,231,0,-1.573135622797622
22400348,2024-12-08,BKN,MIL,112.7,121.2,99.90276125024269,102.58119011657828,97.8,227.97856000000002,231,1,3.021439999999984
22401224,2024-12-16,BKN,CLE,111.1,109.4,100.24084375663541,102.41187959302368,97.8,221.01056,231,1,9.989440000000002
22400379,2024-12-21,BKN,UTA,108.8,114.0,99.39590578144532,104.7181598473433,97.59217608205107,221.9831077234213,199,0,-22.983107723421313
22400379,2024-12-21,BKN,UTA,108.8,114.0,99.39590578144532,104.7181598473433,97.8,222.20656000000002,199,0,-23.206560000000025
22400421,2024-12-27,BKN,SAS,108.0,114.4,97.60356356426492,101.85679122066955,97.8,221.99856,183,0,-38.99856
22500250,2025-11-18,BKN,BOS,105.0,124.5,96.49335807127933,100.77962681127069,97.8,225.69056,212,0,-13.690560000000005
22500285,2025-11-24,BKN,NYK,102.3,116.7,96.5584860517585,100.59650085711174,97.8,220.23056000000003,213,0,-7.230560000000025
22500285,2025-11-24,BKN,NYK,102.3,116.7,96.5584860517585,100.59650085711174,100.51629883921859,223.15112451192783,213,0,-10.151124511927833
22500070,2025-11-28,BKN,PHI,100.1,114.0,94.86374777850831,101.08183629288696,97.8,217.68256,218,1,0.31744000000000483
22500070,2025-11-28,BKN,PHI,100.1,114.0,94.86374777850831,101.08183629288696,105.088005217909,225.51862321029574,218,0,-7.518623210295743
22500312,2025-12-01,BKN,CHA,98.8,108.6,95.11442068825626,98.80672822976727,97.8,214.19856,219,1,4.801440000000014
22500312,2025-12-01,BKN,CHA,98.8,108.6,95.11442068825626,98.80672822976727,108.04361838617643,225.2124984888169,219,0,-6.212498488816891
22500335,2025-12-04,BKN,UTA,100.4,115.8,96.29915947443722,108.50706840272767,97.8,218.77456,233,1,14.225439999999992
22500350,2025-12-06,BKN,NOP,102.2,108.1,96.89797771512262,105.12588510792146,97.8,215.70656000000002,220,1,4.2934399999999755
22501219,2025-12-14,BKN,MIL,104.2,109.7,98.82077037686692,100.29119794124075,97.8,217.57855999999998,209,0,-8.578559999999982
22500373,2025-12-18,BKN,MIA,105.6,113.2,97.9188471075592,101.86102186690573,97.8,220.12655999999998,201,0,-19.126559999999984
22500373,2025-12-18,BKN,MIA,105.6,113.2,97.9188471075592,101.86102186690573,101.79264277935727,224.41944951636492,201,0,-23.41944951636492
22100232,2021-11-19,BOS,LAL,110.5,106.2,97.8,97.8,97.8,219.03456,238,1,18.96544
22100243,2021-11-20,BOS,OKC,110.5,106.2,97.8,97.8,97.8,219.03456,216,0,-3.034559999999999
22100256,2021-11-22,BOS,HOU,110.5,106.2,97.8,97.8,97.8,219.03456,198,0,-21.03456
22100270,2021-11-24,BOS,BKN,110.5,106.2,97.8,97.8,100.5371846038242,221.9775808860318,227,1,5.022419113968198
22100270,2021-11-24,BOS,BKN,110.5,106.2,97.8,97.8,97.8,219.03456,227,1,7.965440000000001
22100408,2021-12-13,BOS,MIL,110.5,106.2,98.05612137557368,98.5869470583059,97.8,219.03456,220,1,0.965440000000001
22100408,2021-12-13,BOS,MIL,110.5,106.2,98.05612137557368,98.5869470583059,97.06068241308095,218.23964573054465,220,1,1.7603542694553482
22100435,2021-12-17,BOS,GSW,110.5,103.375,97.45965344956029,93.1967518002893,97.8,217.56556,218,1,0.43443999999999505
22100445,2021-12-18,BOS,NYK,110.5,106.2,97.63440262583096,95.39806486905773,97.8,219.03456,221,1,1.965440000000001
22100457,2021-12-20,BOS,PHI,109.875,103.0,98.49005738773575,92.70667314566005,97.8,217.04556000000002,211,0,-6.045560000000023
22100471,2021-12-22,BOS,CLE,109.11111111111111,106.2,97.89481929249763,94.0984966153513,97.8,218.31233777777777,212,0,-6.3123377777777705
22100529,2021-12-31,BOS,PHX,104.5,108.33333333333333,97.57555126101725,95.22754647484784,97.8,217.02389333333332,231,1,13.97610666666668
22100529,2021-12-31,BOS,PHX,104.5,108.33333333333333,97.57555126101725,95.22754647484784,98.29661644381028,217.55785533371815,231,1,13.442144666281848
22200264,2022-11-23,BOS,DAL,105.7,111.0,97.91954465665326,94.44529069409191,97.8,219.03456,237,1,17.96544
22200264,2022-11-23,BOS,DAL,105.7,111.0,97.91954465665326,94.44529069409191,99.69168307709259,221.06849764448998,237,1,15.93150235551002
22200275,2022-11-25,BOS,SAC,107.4,110.7,98.51540021879511,100.76144664297254,97.8,219.76256,226,1,6.237439999999992
22200275,2022-11-25,BOS,SAC,107.4,110.7,98.51540021879511,100.76144664297254,102.51401575251755,224.83106973710687,226,1,1.1689302628931273
22200294,2022-11-27,BOS,WAS,109.2,109.6,98.70960027511006,97.51757116760139,97.8,220.12655999999998,251,1,30.873440000000016
22200301,2022-11-28,BOS,CHA,113.4,113.6,99.82567170368146,100.25822531443072,97.8,224.39056,245,1,20.609440000000006
22200314,2022-11-30,BOS,MIA,115.7,102.4,101.12868898800106,95.33076872717696,100.94424376817842,223.14325089954545,255,1,31.85674910045455
22200314,2022-11-30,BOS,MIA,115.7,102.4,101.12868898800106,95.33076872717696,97.8,219.76256,255,1,35.23743999999999
22200328,2022-12-02,BOS,MIA,118.4,105.1,102.72839136895345,96.5612491515643,102.81058365658629,227.95793954756158,236,1,8.04206045243842
22200328,2022-12-02,BOS,MIA,118.4,105.1,102.72839136895345,96.5612491515643,102.3969740755648,227.51322652604728,236,1,8.486773473952724
22200430,2022-12-16,BOS,ORL,118.6,101.0,101.38925248679696,98.45184887328287,97.8,220.54255999999998,226,1,5.45744000000002
22200445,2022-12-18,BOS,ORL,119.2,103.3,101.05179003085156,98.59340805582723,97.8,222.05056000000002,187,0,-35.05056000000002
22200469,2022-12-21,BOS,IND,117.3,111.2,100.04687070775041,103.62256206997633,97.8,225.17056000000002,229,1,3.829439999999977
22200469,2022-12-21,BOS,IND,117.3,111.2,100.04687070775041,103.62256206997633,98.78333555905607,226.2278423930971,229,1,2.7721576069029084
22200482,2022-12-23,BOS,MIN,120.3,113.6,99.22841832679804,103.19874407231771,97.8,227.97856000000002,230,1,2.021439999999984
22200482,2022-12-23,BOS,MIN,120.3,113.6,99.22841832679804,103.19874407231771,103.51925423667728,234.12790215527542,230,0,-4.127902155275422
22200495,2022-12-25,BOS,MIL,120.1,105.8,98.66804773504668,100.65341773873389,97.8,223.81856,257,1,33.18144000000001
22200507,2022-12-27,BOS,HOU,121.5,109.0,98.70278024838397,98.4778379646413,103.22433448136307,232.04280443436159,228,0,-4.042804434361585
22200507,2022-12-27,BOS,HOU,121.5,109.0,98.70278024838397,98.4778379646413,97.8,226.21056000000002,228,1,1.7894399999999848
22200525,2022-12-29,BOS,LAC,121.9,117.1,99.20332137392508,98.29633601248516,97.8,230.63056,226,0,-4.630560000000003
22300228,2023-11-22,BOS,MIL,120.5,115.8,99.34026851768711,105.37661922944159,97.8,229.22656,235,1,5.773439999999994
22300246,2023-11-26,BOS,ATL,118.4,115.5,99.29669272982956,106.95931483025674,97.8,227.97856000000002,216,0,-11.978560000000016
22300053,2023-11-28,BOS,CHI,116.3,112.0,99.99907368221052,98.20881351543123,97.8,225.06656,221,0,-4.06656000000001
22300275,2023-12-01,BOS,PHI,117.1,117.1,99.66733958815799,102.39368009847631,97.8,228.13456000000002,244,1,15.865439999999978
22301227,2023-12-08,BOS,NYK,118.7,115.2,99.2987234725508,99.51132408357533,101.5633572128563,232.0249216752631,256,1,23.9750783247369
22301227,2023-12-08,BOS,NYK,118.7,115.2,99.2987234725508,99.51132408357533,100.95753068557735,231.37353699313277,256,1,24.626463006867226
22300305,2023-12-12,BOS,CLE,122.8,107.2,100.34039013921746,96.8605067555813,97.8,225.95056,233,1,7.049440000000004
22300319,2023-12-14,BOS,CLE,123.6,110.4,100.56483935873932,97.81855003256084,97.8,228.03056,223,0,-5.030560000000008
22300329,2023-12-15,BOS,ORL,123.1,109.3,100.49276947430018,102.74303497332544,97.8,227.19856,239,1,11.801440000000014
22300344,2023-12-17,BOS,ORL,122.0,108.7,101.50159350600491,104.26864521742307,97.8,226.31456000000003,211,0,-15.314560000000029
22300421,2023-12-28,BOS,DET,120.8,109.0,105.88755923908604,104.08188083932508,97.8,225.84656,250,1,24.15343999999999
22300432,2023-12-29,BOS,TOR,122.0,116.4,106.09146259558041,103.25434021092947,97.8,230.31856,238,1,7.681440000000009
22300432,2023-12-29,BOS,TOR,122.0,116.4,106.09146259558041,103.25434021092947,104.77014178762471,237.81285645005408,238,1,0.1871435499459153
22400230,2024-11-16,BOS,TOR,122.1,117.8,105.94388671380669,104.6274504910386,97.8,231.09856000000002,249,1,17.90143999999998
22400021,2024-11-19,BOS,CLE,123.4,109.1,104.8095650606171,102.7073491324254,97.8,227.25056,237,1,9.749439999999993
22400271,2024-11-24,BOS,MIN,123.0,115.2,104.28749679347622,101.02807775171719,97.8,230.21456,212,0,-18.214560000000006
22400281,2024-11-25,BOS,LAC,121.2,121.0,103.2413147223214,100.49797432102407,97.8,232.29456,220,0,-12.29455999999999
22400316,2024-12-02,BOS,MIA,120.5,111.1,103.25822489548158,99.05081940583038,97.8,226.78256,197,0,-29.78255999999999
22400319,2024-12-04,BOS,DET,119.3,116.0,101.20555628619685,100.21575334405343,97.8,228.70656000000002,250,1,21.293439999999975
22400335,2024-12-06,BOS,MIL,120.7,122.3,101.54037771476828,103.84965121440653,97.8,232.71056000000002,216,0,-16.710560000000015
22400345,2024-12-07,BOS,MEM,119.0,114.4,101.2181997354506,103.5591026660929,97.8,227.71856,248,1,20.281440000000003
22401205,2024-12-12,BOS,DET,119.7,116.2,101.59178012995149,100.19477455780206,97.8,229.01856,222,0,-7.018560000000008
22400363,2024-12-19,BOS,CHI,119.2,120.9,100.56585635890669,107.34325848084335,100.69476670741045,234.31501316380775,225,0,-9.315013163807748
22400363,2024-12-19,BOS,CHI,119.2,120.9,100.56585635890669,107.34325848084335,101.39210042913781,235.064786381409,225,0,-10.064786381408993
22400407,2024-12-25,BOS,PHI,118.0,105.8,100.71886866215435,95.79801948256068,97.8,222.72656,232,1,9.273439999999994
22400420,2024-12-27,BOS,IND,116.8,115.8,101.20141000505133,102.30524220617257,97.8,227.30256,247,1,19.69744
22400437,2024-12-29,BOS,IND,119.0,115.0,100.76893618564804,102.67633981534071,97.8,228.03056,237,1,8.969439999999992
22400449,2024-12-31,BOS,TOR,119.7,116.1,101.2150534400812,103.85701437822821,97.8,228.96656000000002,196,0,-32.966560000000015
22500233,2025-11-16,BOS,LAC,119.6,106.1,101.18885300174689,98.48799083948931,97.8,223.71456,239,1,15.285439999999994
22500049,2025-11-21,BOS,BKN,120.9,112.1,100.59719505195608,95.82371521413648,97.8,227.51056,218,0,-9.510559999999998
22500049,2025-11-21,BOS,BKN,120.9,112.1,100.59719505195608,95.82371521413648,106.88718806037058,237.28110460251045,218,0,-19.281104602510453
22500060,2025-11-26,BOS,DET,121.1,119.5,100.83512804351761,105.88879215810908,97.8,231.46256,231,0,-0.4625599999999963
22500320,2025-12-02,BOS,NYK,120.7,119.6,102.32757267714634,101.94390010133664,97.8,231.30656,240,1,8.69344000000001
22500338,2025-12-05,BOS,LAL,120.7,107.3,103.81598569109582,106.67839020319667,97.8,224.91056000000003,231,1,6.089439999999968
22501222,2025-12-15,BOS,DET,122.5,121.7,103.8205624393563,104.71626819427864,97.8,233.33456,217,0,-16.33456000000001
22500381,2025-12-19,BOS,MIA,121.6,111.4,103.06994969425826,101.64294431161585,97.8,227.51056,245,1,17.489440000000002
22500403,2025-12-22,BOS,IND,120.3,111.1,103.89167090366253,99.67338393933422,97.8,226.67856,198,0,-28.678560000000004
22100213,2021-11-17,CHA,WAS,110.5,106.2,97.8,97.8,97.8,219.03456,184,0,-35.03456
22100213,2021-11-17,CHA,WAS,110.5,106.2,97.8,97.8,91.39788221918185,212.15100296206435,184,0,-28.151002962064354
22100230,2021-11-19,CHA,IND,110.5,106.2,97.8,97.8,97.8,219.03456,239,1,19.96544
22100281,2021-11-26,CHA,MIN,110.5,106.2,97.8,97.8,97.8,219.03456,248,1,28.96544
22100353,2021-12-06,CHA,PHI,110.5,106.2,104.41957052825816,90.9064801506099,97.8,219.03456,251,1,31.96544
22100366,2021-12-08,CHA,PHI,110.5,101.125,104.18750803631498,92.00252044723723,97.87013391821907,216.47096798886918,216,0,-0.4709679888691767
22100366,2021-12-08,CHA,PHI,110.5,101.125,104.18750803631498,92.00252044723723,97.09698419828874,215.63967741000005,216,1,0.3603225899999529
22100382,2021-12-10,CHA,SAC,110.5,106.2,103.54092998566968,98.84371400368447,97.8,219.03456,247,1,27.96544
22100501,2021-12-27,CHA,HOU,110.5,107.6,105.49424114289877,102.48574387975704,97.8,219.76256,222,1,2.2374399999999923
22200211,2022-11-16,CHA,IND,110.5,99.75,103.34113404943899,97.36489281601284,97.8,215.68056,238,1,22.319439999999986
22200260,2022-11-23,CHA,PHI,117.625,106.7,101.63595867765048,94.64339394545296,97.8,222.99956,208,0,-14.999560000000002
22200260,2022-11-23,CHA,PHI,117.625,106.7,101.63595867765048,94.64339394545296,100.3844458705237,225.77835619998712,208,0,-17.778356199987115
22200272,2022-11-25,CHA,MIN,116.44444444444444,113.1,100.21744278803105,97.40825880843666,102.10359148343832,230.340892674104,218,0,-12.340892674103998
22200272,2022-11-25,CHA,MIN,116.44444444444444,113.1,100.21744278803105,97.40825880843666,97.8,225.71367111111113,218,0,-7.713671111111125
22200326,2022-12-02,CHA,WAS,115.8,109.5,100.29713347999906,100.36727354855378,97.8,223.50656,233,1,9.493439999999993
22200339,2022-12-03,CHA,MIL,117.8,113.0,99.96200073443224,101.6597602605948,97.8,226.36656,201,0,-25.366559999999993
22200352,2022-12-05,CHA,LAC,115.3,105.0,98.33064800757438,97.62822548614405,97.8,220.90656,236,1,15.093439999999987
22200377,2022-12-09,CHA,NYK,113.7,106.6,99.77955218208467,99.64364856176628,100.86906963329247,224.20642366971606,223,0,-1.2064236697160595
22200377,2022-12-09,CHA,NYK,113.7,106.6,99.77955218208467,99.64364856176628,97.8,220.90656,223,1,2.093439999999987
22200428,2022-12-16,CHA,ATL,114.3,112.0,101.04018922550193,101.35529805172591,101.1680783877988,227.64791788256127,231,1,3.3520821174387265
22200428,2022-12-16,CHA,ATL,114.3,112.0,101.04018922550193,101.35529805172591,97.8,224.02656000000002,231,1,6.973439999999982
22200523,2022-12-29,CHA,OKC,112.5,110.8,105.7131213892103,102.14789661261682,97.8,222.46656000000002,234,1,11.533439999999985
22200539,2022-12-31,CHA,BKN,112.3,116.8,105.63840531031012,103.22494775918665,101.02026128643294,228.9449849351727,229,1,0.055015064827301785
22200539,2022-12-31,CHA,BKN,112.3,116.8,105.63840531031012,103.22494775918665,101.09154843765117,229.02163288016254,229,0,-0.02163288016254228
22300027,2023-11-17,CHA,MIL,111.6,110.1,105.30358388173869,101.92535455987729,97.8,221.63456000000002,229,1,7.365439999999978
22300202,2023-11-18,CHA,NYK,110.8,119.2,105.38690922075905,99.08772433404373,97.8,225.95056,230,1,4.049440000000004
22300217,2023-11-20,CHA,BOS,110.6,110.0,104.90374136855593,98.88909667777047,97.8,221.06256,239,1,17.93744000000001
22300225,2023-11-22,CHA,WAS,111.0,114.5,103.7213054868276,103.25862963772026,101.25570658612254,227.32613572139897,231,1,3.6738642786010303
22300225,2023-11-22,CHA,WAS,111.0,114.5,103.7213054868276,103.25862963772026,101.17781936054432,227.24239137645725,231,1,3.757608623542751
22300281,2023-12-02,CHA,MIN,113.1,111.8,103.6750919643954,100.22391305673295,97.8,223.29856,240,1,16.70143999999999
22301216,2023-12-08,CHA,TOR,113.1,108.9,102.0200336755197,101.47150274652826,97.8,221.79056000000003,235,1,13.209439999999972
22300292,2023-12-11,CHA,MIA,114.8,111.8,102.80066104152887,101.56728911464235,107.07529955797632,234.15536208473614,230,0,-4.15536208473614
22300292,2023-12-11,CHA,MIA,114.8,111.8,102.80066104152887,101.56728911464235,106.33861960987328,233.36328380453574,230,0,-3.3632838045357403
22300326,2023-12-15,CHA,NOP,112.8,114.7,102.2434036197317,102.66762386886825,97.8,224.65056,219,0,-5.650560000000013
22300335,2023-12-16,CHA,PHI,112.9,119.7,101.97655691191278,104.7018036790775,97.8,227.30256000000003,217,0,-10.302560000000028
22300390,2023-12-23,CHA,DEN,109.0,113.4,102.29533788202342,103.56108446211154,97.8,221.99856,197,0,-24.998559999999998
22300390,2023-12-23,CHA,DEN,109.0,113.4,102.29533788202342,103.56108446211154,104.80821141105098,229.533788909162,197,0,-32.53378890916201
22400229,2024-11-16,CHA,MIL,107.9,127.5,100.92921333579699,110.39614890378088,97.8,228.75856,229,1,0.24144000000001142
22400260,2024-11-21,CHA,DET,109.5,110.6,101.81945141140017,104.59218333862039,97.8,220.80256,244,1,23.19744
22400286,2024-11-27,CHA,MIA,107.3,112.4,102.08783321150317,99.48811393661339,97.8,220.59456,192,0,-28.59456
22400040,2024-11-29,CHA,NYK,105.0,121.4,101.49705940197936,108.28027684102688,97.8,224.07855999999998,197,0,-27.07855999999998
22400040,2024-11-29,CHA,NYK,105.0,121.4,101.49705940197936,108.28027684102688,98.52652176656092,224.8597162034063,197,0,-27.859716203406293
22400300,2024-11-30,CHA,ATL,103.1,118.2,99.30905307911826,105.88149290992982,97.8,221.42656,211,0,-10.426559999999995
22400050,2024-12-03,CHA,PHI,101.6,110.9,99.8254221267373,96.88070142343393,97.8,216.85056000000003,214,0,-2.85056000000003
22400340,2024-12-07,CHA,CLE,100.6,109.7,98.90739590530438,103.8483700992246,97.8,215.70656000000002,218,1,2.2934399999999755
22401222,2024-12-16,CHA,PHI,100.1,106.3,96.07145244377767,94.20595698123988,97.8,213.67856,229,1,15.321439999999996
22400391,2024-12-23,CHA,HOU,102.7,111.9,95.10859081329566,96.2915150525889,97.8,217.94256000000001,215,0,-2.9425600000000145
22400391,2024-12-23,CHA,HOU,102.7,111.9,95.10859081329566,96.2915150525889,99.69771793814962,219.9829863270985,215,0,-4.9829863270985015
22400428,2024-12-28,CHA,OKC,103.3,109.1,96.73809000268305,97.11326327176646,97.8,216.79856,200,0,-16.79856000000001
22400442,2024-12-30,CHA,CHI,101.2,121.9,96.87636455936764,103.84868748754731,97.8,222.36256000000003,223,1,0.6374399999999696
22500229,2025-11-15,CHA,OKC,99.7,109.2,96.59727597526482,96.40159214794487,97.8,214.97856000000002,205,0,-9.978560000000016
22500268,2025-11-22,CHA,LAC,100.9,104.8,97.03929851070451,98.85458172663931,97.8,213.31456,247,1,33.68544
22500061,2025-11-26,CHA,NYK,103.1,116.7,98.57588587335455,100.68471764508534,97.8,220.64656000000002,230,1,9.353439999999978
22500061,2025-11-26,CHA,NYK,103.1,116.7,98.57588587335455,100.68471764508534,96.7592973971635,219.5275965614302,230,1,10.472403438569813
22500071,2025-11-28,CHA,CHI,103.4,127.4,98.64888970877992,105.362074475445,97.8,226.36656000000002,239,1,12.633439999999979
22500294,2025-11-29,CHA,TOR,105.3,111.4,98.7229857372328,102.439463544754,97.8,219.03456,229,1,9.965440000000001
22500359,2025-12-07,CHA,DEN,106.7,124.8,98.8498294089792,110.2334577774581,97.8,226.73056000000003,221,0,-5.730560000000025
22501209,2025-12-12,CHA,CHI,107.1,123.1,99.46682675617235,105.43948273697328,97.8,226.05456,255,1,28.94543999999999
22500371,2025-12-18,CHA,ATL,108.9,122.6,101.00584581864064,104.86053938438651,97.8,226.73056000000003,259,1,32.269439999999975
22500409,2025-12-23,CHA,WAS,112.1,106.5,101.00012864925621,104.59344790454686,97.8,220.02256,235,1,14.977440000000001
22500409,2025-12-23,CHA,WAS,112.1,106.5,101.00012864925621,104.59344790454686,105.03786605662778,227.8047135840862,235,1,7.195286415913813
22100250,2021-11-21,CHI,NYK,110.5,106.2,97.8,97.8,97.8,219.03456,212,0,-7.034559999999999
22100257,2021-11-22,CHI,IND,110.5,106.2,97.8,97.8,97.8,219.03456,186,0,-33.03456
22100296,2021-11-27,CHI,MIA,110.5,106.2,97.8,97.8,97.8,219.03456,211,0,-8.034559999999999
22100307,2021-11-29,CHI,CHA,110.5,106.2,96.43188618048653,97.8,97.8,219.03456,252,1,32.96544
22100357,2021-12-06,CHI,DEN,110.5,106.2,98.7013222357421,97.3105016391741,97.8,219.03456,206,0,-13.034559999999999
22100448,2021-12-19,CHI,LAL,110.5,108.2,97.06930823141771,94.01939805824134,97.8,220.07456000000002,225,1,4.9254399999999805
22100459,2021-12-20,CHI,HOU,110.5,104.11111111111111,97.18091537427485,101.39459026349881,97.8,217.9483377777778,251,1,33.051662222222205
22100499,2021-12-26,CHI,IND,110.5,106.2,98.70360426024261,96.80595802857852,97.8,219.03456,218,0,-1.034559999999999
22100499,2021-12-26,CHI,IND,110.5,106.2,98.70360426024261,96.80595802857852,99.97312610802753,221.3711051913512,218,0,-3.371105191351205
22100519,2021-12-29,CHI,ATL,111.625,106.2,100.221026024344,100.0264365246773,97.8,219.61956,248,1,28.380439999999993
22200227,2022-11-18,CHI,ORL,113.77777777777777,101.4,100.96816097791049,97.97436956887479,97.8,218.24300444444444,215,0,-3.2430044444444377
22200250,2022-11-21,CHI,BOS,113.1,114.6,100.29743755368601,96.91924827253945,97.8,224.75456000000003,228,1,3.2454399999999737
22200367,2022-12-07,CHI,WAS,114.3,110.4,102.09209862627317,101.36647769079157,97.8,223.19456000000002,226,1,2.805439999999976
22200391,2022-12-10,CHI,DAL,118.1,114.3,101.20015605782578,99.25667002854443,97.8,227.19856,259,1,31.801440000000014
22200418,2022-12-14,CHI,NYK,122.1,108.0,101.92202379967709,99.56490086318688,97.8,226.00256000000002,248,1,21.997439999999983
22200434,2022-12-16,CHI,NYK,120.8,111.2,101.57246180506793,100.0337912495301,97.8,226.99056000000002,205,0,-21.990560000000016
22200501,2022-12-26,CHI,HOU,119.0,107.5,102.15409911811746,97.32934952362173,97.8,224.13056,251,1,26.869439999999997
22200519,2022-12-28,CHI,MIL,119.3,107.4,102.33856735561993,100.59142406159496,97.8,224.23456,232,1,7.765440000000012
22200532,2022-12-30,CHI,DET,117.9,112.2,101.62834008289265,102.21684689591946,97.8,226.00256000000002,250,1,23.997439999999983
22200540,2022-12-31,CHI,CLE,119.8,101.0,103.07923294003551,98.28870570714041,97.8,221.16656,205,0,-16.166560000000004
22300196,2023-11-15,CHI,ORL,116.9,107.5,102.36477981212903,101.17290669378819,97.8,223.03856000000002,190,0,-33.03856000000002
22300033,2023-11-17,CHI,ORL,115.6,105.8,100.11477981212903,100.85799204868486,99.65541073780786,223.473497625291,200,0,-23.473497625291003
22300033,2023-11-17,CHI,ORL,115.6,105.8,100.11477981212903,100.85799204868486,97.8,221.47856000000002,200,0,-21.478560000000016
22300204,2023-11-18,CHI,MIA,113.2,110.4,99.30053902147313,99.32887152782082,97.8,222.62256000000002,199,0,-23.62256000000002
22300220,2023-11-20,CHI,MIA,111.9,109.5,98.34801768274896,98.32440724210655,100.74270540540985,224.64255685189667,218,0,-6.642556851896671
22300220,2023-11-20,CHI,MIA,111.9,109.5,98.34801768274896,98.32440724210655,97.8,221.47856000000002,218,0,-3.478560000000016
22300269,2023-11-30,CHI,MIL,107.5,121.2,97.65386513566439,106.40667118863566,97.8,225.27456,233,1,7.725439999999992
22300285,2023-12-02,CHI,NOP,107.5,112.8,96.20521787749705,101.7111379099913,104.02859192611331,227.60354203895702,242,1,14.396457961042984
22300285,2023-12-02,CHI,NOP,107.5,112.8,96.20521787749705,101.7111379099913,97.8,220.90656,242,1,21.093439999999987
22301211,2023-12-06,CHI,CHA,110.8,114.7,97.28746895974814,102.98328204540707,97.8,223.61056000000002,211,0,-12.61056000000002
22301211,2023-12-06,CHI,CHA,110.8,114.7,97.28746895974814,102.98328204540707,98.58113585387973,224.4504372700915,211,0,-13.450437270091498
22300307,2023-12-12,CHI,DEN,110.1,111.1,98.34135880066499,102.67289790228324,97.8,221.37456,220,0,-1.3745600000000024
22300370,2023-12-20,CHI,LAL,108.8,115.5,100.91480554939854,103.5679275117224,105.69865120706531,231.47918977783664,232,1,0.5208102221633624
22300370,2023-12-20,CHI,LAL,108.8,115.5,100.91480554939854,103.5679275117224,97.8,222.98656,232,1,9.013440000000003
22300376,2023-12-21,CHI,SAS,108.0,110.1,101.02641269225568,103.97934242513303,97.8,219.76256,209,0,-10.762560000000008
22300396,2023-12-23,CHI,CLE,109.2,110.0,100.35676983511281,100.04336154872892,97.8,220.33456,204,0,-16.33456000000001
22300408,2023-12-26,CHI,ATL,109.3,119.9,99.72695359326337,109.89243739453974,97.8,225.53456,231,1,5.465440000000001
22300422,2023-12-28,CHI,IND,111.4,122.8,100.50625639356564,108.65418815705937,97.8,228.13456000000002,224,0,-4.134560000000022
22300442,2023-12-30,CHI,PHI,111.6,121.0,99.91101829832753,104.06912846845886,97.8,227.30256,197,0,-30.30256
22400241,2024-11-17,CHI,HOU,112.1,112.8,100.36859963964547,102.53739720807135,101.53173295468129,227.31091927287332,250,1,22.68908072712668
22400241,2024-11-17,CHI,HOU,112.1,112.8,100.36859963964547,102.53739720807135,97.8,223.29856,250,1,26.70143999999999
22400030,2024-11-22,CHI,ATL,110.8,117.8,100.99045269573132,106.3401859500289,97.8,225.22256,258,1,32.77744000000001
22400047,2024-11-29,CHI,BOS,114.0,121.1,105.27911674227148,103.57613615089282,97.8,228.60255999999998,267,1,38.39744000000002
22400047,2024-11-29,CHI,BOS,114.0,121.1,105.27911674227148,103.57613615089282,97.70679632073812,228.50234740405762,267,1,38.497652595942384
22400317,2024-12-02,CHI,BKN,116.3,112.5,107.30465517341158,101.5244886756527,97.8,225.32656,230,1,4.673439999999999
22400336,2024-12-06,CHI,IND,116.7,112.6,108.48149567948848,104.28005542287025,97.8,225.58656000000002,255,1,29.41343999999998
22400347,2024-12-08,CHI,PHI,117.6,109.0,110.60856905067796,94.92858599100278,97.8,224.18256,208,0,-16.182559999999995
22401212,2024-12-13,CHI,CHA,118.1,110.9,108.76333095543987,97.41603183875725,97.8,225.43056,204,0,-21.430560000000014
22400381,2024-12-21,CHI,BOS,117.2,125.6,107.2668469515013,100.11942778747812,97.8,232.60656,221,0,-11.606560000000002
22400398,2024-12-23,CHI,MIL,116.6,114.2,105.90523980864414,99.25922350376459,97.8,226.36656,203,0,-23.366559999999993
22400398,2024-12-23,CHI,MIL,116.6,114.2,105.90523980864414,99.25922350376459,99.33458531852817,228.01654613448147,203,0,-25.016546134481473
22400430,2024-12-28,CHI,MIL,115.2,111.0,104.78263847379954,97.98905016246154,97.8,223.97456,227,1,3.0254400000000032
22500051,2025-11-21,CHI,MIA,116.1,107.8,101.94888833278709,97.34649148867224,97.8,222.77856,250,1,27.22144
22500271,2025-11-22,CHI,WAS,113.2,105.7,103.51138833278709,102.97349070233885,97.8,220.17856,241,1,20.821439999999996
22500329,2025-12-03,CHI,BKN,112.2,107.9,106.66914787506626,95.92327649676484,101.25738273399256,224.5199379155888,216,0,-8.519937915588798
22500329,2025-12-03,CHI,BKN,112.2,107.9,106.66914787506626,95.92327649676484,100.40685066019324,223.6054458298398,216,0,-7.605445829839795
22500345,2025-12-05,CHI,IND,109.6,115.0,105.08818561464342,103.24721937074457,102.09175514695764,227.75705513400885,225,0,-2.7570551340088514
22500345,2025-12-05,CHI,IND,109.6,115.0,105.08818561464342,103.24721937074457,103.95643560679922,229.76195956443053,225,0,-4.761959564430526
22500361,2025-12-07,CHI,GSW,107.3,103.3,105.0487870100133,97.66400701194384,97.8,215.86256,214,0,-1.862560000000002
22501223,2025-12-14,CHI,NOP,104.1,107.2,105.79005368157067,106.69289778340608,97.8,216.22656,218,1,1.7734399999999937
22500367,2025-12-17,CHI,CLE,104.5,123.0,104.33916082442782,102.47739668088921,97.8,224.65056,238,1,13.349439999999987
22100199,2021-11-15,CLE,BOS,110.5,106.2,97.8,97.8,97.8,219.03456,190,0,-29.03456
22100224,2021-11-18,CLE,GSW,110.5,106.2,97.8,97.8,97.8,219.03456,193,0,-26.03456
22100253,2021-11-22,CLE,BKN,110.5,106.2,97.8,97.8,94.72889194987125,215.7325046245016,229,1,13.267495375498413
22100253,2021-11-22,CLE,BKN,110.5,106.2,97.8,97.8,97.8,219.03456,229,1,9.965440000000001
22100267,2021-11-24,CLE,PHX,110.5,106.2,97.8,97.8,97.8,219.03456,235,1,15.965440000000001
22100295,2021-11-27,CLE,ORL,110.5,106.2,97.8,97.8,98.35523738907327,219.6315512407316,197,0,-22.631551240731596
22100295,2021-11-27,CLE,ORL,110.5,106.2,97.8,97.8,97.8,219.03456,197,0,-22.03456
22100349,2021-12-05,CLE,UTA,110.5,106.2,93.67377299594871,100.91028665614175,97.8,219.03456,217,0,-2.034559999999999
22100367,2021-12-08,CLE,CHI,110.5,106.2,94.14231262582797,98.13990252562074,97.8,219.03456,207,0,-12.034559999999999
22100393,2021-12-11,CLE,SAC,110.5,106.2,95.14867468867266,99.25294019416066,97.8,219.03456,220,1,0.965440000000001
22100404,2021-12-13,CLE,MIA,106.625,106.2,95.59510326010123,94.09581352788861,97.60877552633397,216.8139554459143,199,0,-17.813955445914303
22100404,2021-12-13,CLE,MIA,106.625,106.2,95.59510326010123,94.09581352788861,97.8,217.01956,199,0,-18.019560000000013
22100417,2021-12-15,CLE,HOU,106.44444444444444,106.2,95.66504373629171,100.6755759980416,97.8,216.92567111111111,213,0,-3.9256711111111144
22100494,2021-12-26,CLE,TOR,108.2,106.2,94.65206804392272,95.45372221167877,97.8,217.83856,243,1,25.16144
22100533,2021-12-31,CLE,ATL,113.4,113.0,96.0200512727791,100.84380833854807,97.8,224.07855999999998,239,1,14.921440000000018
22100533,2021-12-31,CLE,ATL,113.4,113.0,96.0200512727791,100.84380833854807,99.22431208261138,225.60998035122375,239,1,13.390019648776246
22200225,2022-11-18,CLE,CHA,116.3,115.6,96.61327877330574,102.57522810199777,99.36226880185407,228.6183114157535,254,1,25.38168858424649
22200225,2022-11-18,CLE,CHA,116.3,115.6,96.61327877330574,102.57522810199777,97.8,226.93856,254,1,27.061440000000005
22200244,2022-11-20,CLE,MIA,118.3,105.2,96.75964246584158,94.58781960500306,99.81118356056115,224.73298456431536,200,0,-24.73298456431536
22200244,2022-11-20,CLE,MIA,118.3,105.2,96.75964246584158,94.58781960500306,97.8,222.57056,200,0,-22.57056
22200248,2022-11-21,CLE,ATL,118.1,113.88888888888889,95.7161233984636,100.91996298935156,97.8,226.98478222222224,216,0,-10.984782222222236
22200261,2022-11-23,CLE,POR,119.0,105.5,95.53397066185028,99.94727426685968,97.8,223.09056,210,0,-13.09056000000001
22200312,2022-11-30,CLE,PHI,119.6,109.6,95.17243200873212,95.49463844961758,97.8,225.53456,198,0,-27.53456
22200312,2022-11-30,CLE,PHI,119.6,109.6,95.17243200873212,95.49463844961758,103.04070575124071,231.16936682373404,198,0,-33.16936682373404
22200330,2022-12-02,CLE,ORL,119.4,104.0,93.48425673862408,99.86593947504643,97.8,222.51856,203,0,-19.518560000000008
22200360,2022-12-06,CLE,LAL,118.4,115.6,92.8990866350178,104.74047607680028,97.8,228.03056,218,0,-10.030560000000008
22200381,2022-12-09,CLE,SAC,119.5,110.8,92.19131902384107,104.07590949302802,97.8,226.10656,201,0,-25.10656
22200381,2022-12-09,CLE,SAC,119.5,110.8,92.19131902384107,104.07590949302802,100.98167598266848,229.52749801656515,201,0,-28.527498016565147
22200390,2022-12-10,CLE,OKC,116.6,110.4,91.85186659349135,101.93250458912259,97.8,224.39056,212,0,-12.390559999999994
22200431,2022-12-16,CLE,IND,113.2,110.5,92.07670764967388,104.10761332541314,97.8,222.67456,230,1,7.325439999999986
22200440,2022-12-17,CLE,DAL,113.2,114.2,92.78525092175448,101.95450469353943,97.8,224.59856000000002,199,0,-25.59856000000002
22200452,2022-12-19,CLE,UTA,110.0,114.0,91.93717361551819,103.8710969158019,97.8,222.83056000000002,221,0,-1.8305600000000197
22200466,2022-12-21,CLE,MIL,110.9,111.5,92.82556647266104,101.17425107206721,97.8,221.99856,220,0,-1.9985599999999977
22200466,2022-12-21,CLE,MIL,110.9,111.5,92.82556647266104,101.17425107206721,99.72899145074443,224.07261160784043,220,0,-4.072611607840429
22200484,2022-12-23,CLE,TOR,110.9,108.2,93.67675694885152,100.90347026217387,103.35270894691953,226.2528326597279,225,0,-1.2528326597278863
22200484,2022-12-23,CLE,TOR,110.9,108.2,93.67675694885152,100.90347026217387,103.6388495409406,226.56049102641936,225,0,-1.5604910264193563
22200498,2022-12-26,CLE,BKN,110.2,118.0,94.55014349355203,102.25286044099579,97.8,225.01456000000002,242,1,16.985439999999983
22300030,2023-11-17,CLE,DET,110.6,111.7,97.88587052010733,104.3622866834047,97.8,221.94656,208,0,-13.946560000000005
22300210,2023-11-19,CLE,DEN,110.7,113.6,97.64011019446872,103.59928193507824,102.80855831340477,228.37176189857283,230,1,1.628238101427172
22300210,2023-11-19,CLE,DEN,110.7,113.6,97.64011019446872,103.59928193507824,97.8,222.98656,230,1,7.013440000000003
22300229,2023-11-22,CLE,MIA,111.2,109.2,98.72156339933167,99.13512650889277,97.8,220.95856,225,1,4.041439999999994
22300242,2023-11-25,CLE,LAL,111.3,116.2,98.57105584153675,103.03317078710855,97.8,224.65056,236,1,11.349439999999987
22300251,2023-11-26,CLE,TOR,111.8,111.4,99.98105386564265,102.11661879978193,97.8,222.41456,207,0,-15.414559999999994
22300055,2023-11-28,CLE,ATL,110.5,113.6,99.49244184133504,106.40127911597102,97.8,222.88256,233,1,10.117439999999988
22300265,2023-11-30,CLE,POR,113.3,110.6,99.97607279371597,98.57294831742358,97.8,222.77856,198,0,-24.77856
22301205,2023-12-06,CLE,ORL,110.6,109.0,97.81927871140537,102.45695173837856,97.8,220.54255999999998,232,1,11.45744000000002
22301205,2023-12-06,CLE,ORL,110.6,109.0,97.81927871140537,102.45695173837856,98.28266311434598,221.06151938054478,232,1,10.93848061945522
22300336,2023-12-16,CLE,ATL,111.3,120.8,97.55813336589416,108.72070636250298,107.46146076444778,237.43056261393423,246,1,8.569437386065772
22300336,2023-12-16,CLE,ATL,111.3,120.8,97.55813336589416,108.72070636250298,97.8,227.04255999999998,246,1,18.95744000000002
22300349,2023-12-18,CLE,HOU,113.3,110.6,98.58997298853565,97.85701339577655,103.82432291505962,229.2559119982721,265,1,35.7440880017279
22300364,2023-12-20,CLE,UTA,115.1,106.0,99.1480087028214,99.71515997859194,97.8,221.32256,240,1,18.67743999999999
22300375,2023-12-21,CLE,NOP,116.7,116.3,99.29620075972714,103.81827216829295,97.8,227.51056,227,0,-0.5105599999999981
22300433,2023-12-29,CLE,MIL,115.0,126.9,99.85920204467836,111.25538381113292,97.8,232.13855999999998,230,0,-2.138559999999984
22400236,2024-11-17,CLE,CHA,119.4,108.8,101.55422968962755,101.63142757211392,101.195305156965,228.66519210476878,242,1,13.334807895231222
22400236,2024-11-17,CLE,CHA,119.4,108.8,101.55422968962755,101.63142757211392,97.8,225.01456000000002,242,1,16.985439999999983
22400252,2024-11-20,CLE,NOP,121.7,116.0,104.15824198956828,99.85962128836093,97.8,229.95456000000001,228,0,-1.954560000000015
22400275,2024-11-24,CLE,TOR,121.7,119.4,104.00819753195118,102.33303718612558,97.8,231.72256000000002,230,0,-1.7225600000000156
22400287,2024-11-27,CLE,ATL,124.4,117.2,104.30441565309086,106.54758533237596,97.8,231.98256,259,1,27.017439999999993
22400307,2024-12-01,CLE,BOS,124.7,124.7,103.88385894493041,104.43382013357682,97.8,236.03856,226,0,-10.03855999999999
22400307,2024-12-01,CLE,BOS,124.7,124.7,103.88385894493041,104.43382013357682,101.78042115486681,240.3183088257128,226,0,-14.31830882571279
22400051,2024-12-03,CLE,WAS,123.5,111.3,103.40007362582351,103.05804948175216,101.04238494655023,231.93277229453082,205,0,-26.93277229453082
22400051,2024-12-03,CLE,WAS,123.5,111.3,103.40007362582351,103.05804948175216,101.53759844402592,232.46522584701668,205,0,-27.465225847016683
22400325,2024-12-05,CLE,DEN,121.8,112.8,102.51464158707284,102.41312591769601,97.8,228.34256,240,1,11.657440000000008
22401208,2024-12-13,CLE,WAS,122.0,110.3,103.84464979654076,102.42807758140502,97.8,227.14656000000002,220,0,-7.146560000000022
22400374,2024-12-20,CLE,MIL,123.1,116.3,102.00435143653287,100.4502184882266,97.8,230.83856,225,0,-5.838560000000001
22400380,2024-12-21,CLE,PHI,124.4,107.1,101.62826350135879,95.69052648331457,97.8,226.73056000000003,225,0,-1.7305600000000254
22400392,2024-12-23,CLE,UTA,122.6,114.0,101.51665635850166,102.97535305258248,99.11611653724147,230.79764850084203,237,1,6.20235149915797
22400392,2024-12-23,CLE,UTA,122.6,114.0,101.51665635850166,102.97535305258248,99.06229885073975,230.73978372431537,237,1,6.260216275684627
22500228,2025-11-15,CLE,MEM,122.2,123.6,101.70342578970684,107.2882541600995,97.8,234.16656,208,0,-26.166560000000004
22500241,2025-11-17,CLE,MIL,120.2,110.8,101.81456983238616,97.13569540018476,97.8,226.47056000000003,224,0,-2.4705600000000345
22500255,2025-11-19,CLE,HOU,119.8,111.2,101.22180160476314,97.24994576365123,102.02822057484948,231.0167427620782,218,0,-13.016742762078195
22500255,2025-11-19,CLE,HOU,119.8,111.2,101.22180160476314,97.24994576365123,97.8,226.47056000000003,218,0,-8.470560000000035
22500048,2025-11-21,CLE,IND,117.8,114.7,101.15421610600697,103.89894180123827,97.8,227.25056,229,1,1.7494399999999928
22500278,2025-11-23,CLE,LAC,118.3,108.7,100.96727800088941,99.74743886949646,97.8,224.39056,225,1,0.6094400000000064
22500302,2025-11-30,CLE,BOS,118.5,118.4,101.30878778945214,101.91834648667015,97.8,229.53856000000002,232,1,2.461439999999982
22500324,2025-12-03,CLE,POR,117.4,110.2,102.08665961412169,104.96883265582903,97.8,224.70256,232,1,7.297439999999995
22500341,2025-12-05,CLE,SAS,116.9,112.6,101.13427866174074,101.28079859520022,104.39541560037127,232.78195085351922,247,1,14.21804914648078
22500341,2025-12-05,CLE,SAS,116.9,112.6,101.13427866174074,101.28079859520022,97.8,225.69056,247,1,21.309439999999995
22500352,2025-12-06,CLE,GSW,117.5,103.9,102.5791512165718,97.66400701194384,97.8,221.47856000000002,193,0,-28.478560000000016
22501218,2025-12-14,CLE,CHA,114.3,107.1,103.02682572205863,101.36663872070712,97.8,221.47856000000002,230,1,8.521439999999984
22500384,2025-12-19,CLE,CHI,113.0,124.3,103.21835696541797,104.15392075329562,97.8,229.74656,261,1,31.253440000000012
22500412,2025-12-23,CLE,NOP,116.8,107.7,105.52987519304098,105.79219602530604,97.8,223.09056,259,1,35.90943999999999
22500412,2025-12-23,CLE,NOP,116.8,107.7,105.52987519304098,105.79219602530604,106.24498956660344,232.17061278201203,259,1,26.82938721798797
22100204,2021-11-15,DAL,DEN,110.5,106.2,97.8,97.8,96.45336940137258,217.58666278035582,212,0,-5.586662780355823
22100204,2021-11-15,DAL,DEN,110.5,106.2,97.8,97.8,96.828409752049,217.9899061654031,212,0,-5.989906165403113
22100298,2021-11-27,DAL,WAS,110.5,106.2,97.8,97.8,97.8,219.03456,234,1,14.965440000000001
22100310,2021-11-29,DAL,CLE,110.5,106.2,97.8,97.8,97.8,219.03456,210,0,-9.034559999999999
22100310,2021-11-29,DAL,CLE,110.5,106.2,97.8,97.8,97.31563195134808,218.5137674740895,210,0,-8.51376747408949
22100338,2021-12-03,DAL,NOP,110.5,106.2,95.63863934003352,96.36821395691356,97.8,219.03456,198,0,-21.03456
22100338,2021-12-03,DAL,NOP,110.5,106.2,95.63863934003352,96.36821395691356,99.11186955656623,220.44508214722003,198,0,-22.445082147220035
22100345,2021-12-04,DAL,MEM,110.5,106.2,94.79279961358708,102.38313601597052,97.8,219.03456,187,0,-32.03456
22100363,2021-12-07,DAL,BKN,110.5,106.2,94.11351965222836,98.4053391202022,97.8,219.03456,201,0,-18.03456
22100410,2021-12-13,DAL,CHA,110.5,106.2,92.61350072932709,105.39658474757444,97.8,219.03456,216,0,-3.034559999999999
22100420,2021-12-15,DAL,LAL,110.5,110.375,92.71353382669757,96.8003218724191,97.8,221.20556000000002,211,0,-10.20556000000002
22100468,2021-12-21,DAL,MIN,103.125,106.2,93.38257156627473,98.85655050234602,97.8,215.19956000000002,216,1,0.8004399999999805
22100481,2021-12-23,DAL,MIL,104.33333333333333,110.625,92.71292870913186,98.00023009146737,99.06166104752175,219.48543129162874,197,0,-22.485431291628743
22100481,2021-12-23,DAL,MIL,104.33333333333333,110.625,92.71292870913186,98.00023009146737,97.8,218.12889333333334,197,0,-21.128893333333338
22200207,2022-11-15,DAL,LAC,103.4,101.9,93.89949459478794,94.31908979693719,97.8,213.10656,204,0,-9.106560000000002
22200218,2022-11-16,DAL,HOU,102.6,107.6,94.11093179731874,103.42448152628528,100.1812712057253,218.21490280039586,193,0,-25.214902800395862
22200218,2022-11-16,DAL,HOU,102.6,107.6,94.11093179731874,103.42448152628528,97.8,215.65456,193,0,-22.654560000000004
22200230,2022-11-18,DAL,DEN,100.4,109.0,94.07171029959102,97.61058340047008,99.0566693779888,216.58973091521358,226,1,9.410269084786421
22200230,2022-11-18,DAL,DEN,100.4,109.0,94.07171029959102,97.61058340047008,97.8,215.23856,226,1,10.761439999999993
22200246,2022-11-20,DAL,DEN,103.5,108.6,95.18129388197794,98.38980983999988,97.8,216.64256,195,0,-21.642560000000003
22200310,2022-11-29,DAL,GSW,104.1,109.3,96.40931089760902,100.98223862910152,97.8,217.31856,229,1,11.68144000000001
22200358,2022-12-05,DAL,PHX,106.7,113.7,96.47310525104747,103.0339787903477,97.8,220.95856,241,1,20.041439999999994
22200386,2022-12-09,DAL,MIL,109.8,111.7,98.99516375239381,101.21068363455383,97.8,221.53056,211,0,-10.530560000000008
22200405,2022-12-12,DAL,OKC,108.3,110.5,101.50667002854443,102.51907561920827,97.8,220.12655999999998,235,1,14.873440000000016
22200421,2022-12-14,DAL,CLE,110.0,99.9,101.8063126366337,92.74574538925101,97.8,215.49856,195,0,-20.498559999999998
22200421,2022-12-14,DAL,CLE,110.0,99.9,101.8063126366337,92.74574538925101,105.01187122959713,223.25276394606283,195,0,-28.252763946062828
22200436,2022-12-16,DAL,POR,107.6,109.7,101.8063126366337,102.81148022506584,97.8,219.34656,240,1,20.65343999999999
22200436,2022-12-16,DAL,POR,107.6,109.7,101.8063126366337,102.81148022506584,101.27679625514331,223.0848113335301,240,1,16.915188666469902
22200494,2022-12-25,DAL,LAL,111.1,119.6,99.50908198962496,106.82104701909246,97.8,226.31456000000003,239,1,12.685439999999971
22200512,2022-12-27,DAL,NYK,113.2,116.1,100.0727410632129,97.19571218461232,103.1486176289605,231.33739367465833,247,1,15.66260632534167
22200512,2022-12-27,DAL,NYK,113.2,116.1,100.0727410632129,97.19571218461232,97.8,225.58656000000002,247,1,21.41343999999998
22200528,2022-12-29,DAL,HOU,116.6,108.6,99.39155598161729,97.91980225035557,97.8,223.45456000000001,243,1,19.545439999999985
22300212,2023-11-19,DAL,SAC,116.8,114.8,101.67612707515481,106.40345731862077,97.8,226.78256,242,1,15.21744000000001
22300059,2023-11-28,DAL,HOU,118.4,110.1,102.1132659474401,98.19710714063145,97.8,225.17056000000002,236,1,10.829439999999977
22300277,2023-12-01,DAL,MEM,118.9,111.4,102.63193814661024,95.79505880517826,97.8,226.10656,202,0,-24.10656
22300287,2023-12-02,DAL,OKC,115.3,118.2,102.59473576565786,101.47636565552251,97.8,227.77056000000002,246,1,18.229439999999983
22301213,2023-12-06,DAL,UTA,116.8,106.1,103.63208016399811,100.30836780060105,97.8,222.25856,244,1,21.74144000000001
22300306,2023-12-12,DAL,LAL,119.4,115.7,103.90419083829993,99.21286368372937,97.8,228.60256,252,1,23.39743999999999
22300321,2023-12-14,DAL,MIN,123.1,116.3,104.01936520888671,99.26438297436546,97.8,230.83856,220,0,-10.838560000000001
22300372,2023-12-20,DAL,LAC,120.2,125.2,102.46056613499407,103.24981919059924,105.58047217175216,242.32412367906795,231,0,-11.324123679067952
22300372,2023-12-20,DAL,LAC,120.2,125.2,102.46056613499407,103.24981919059924,97.8,233.95856,231,0,-2.9585600000000056
22300398,2023-12-23,DAL,SAS,118.9,107.2,104.10853594846829,103.93750904240237,102.56335374442142,229.0441179460019,263,1,33.955882053998096
22300398,2023-12-23,DAL,SAS,118.9,107.2,104.10853594846829,103.93750904240237,103.8280075319523,230.4038736983551,263,1,32.59612630164489
22300420,2023-12-27,DAL,CLE,120.7,110.4,106.43663316245762,98.93300168901742,97.8,226.52256,223,0,-3.5225599999999986
22400232,2024-11-16,DAL,SAS,118.8,109.3,105.62018754894251,106.26421367312275,97.8,224.96256,203,0,-21.962559999999996
22400024,2024-11-19,DAL,NOP,118.5,118.5,104.05442905466475,100.01092134813378,97.8,229.59056,223,0,-6.590560000000011
22400292,2024-11-27,DAL,NYK,119.6,123.9,103.98676529403805,107.50517727066136,97.8,232.97056000000003,243,1,10.029439999999965
22400056,2024-12-03,DAL,MEM,123.1,114.4,103.4169386299571,103.74388859938112,101.77952940488477,234.12935001613212,237,1,2.870649983867878
22400056,2024-12-03,DAL,MEM,123.1,114.4,103.4169386299571,103.74388859938112,101.39093760537227,233.7115361132963,237,1,3.2884638867037097
22400368,2024-12-19,DAL,LAC,123.2,113.7,105.48571532703676,97.41531471114814,97.8,229.53856000000002,213,0,-16.538560000000018
22400385,2024-12-21,DAL,LAC,118.0,113.8,105.04609955989794,97.94700796971165,97.8,226.88656,210,0,-16.886560000000003
22400385,2024-12-21,DAL,LAC,118.0,113.8,105.04609955989794,97.94700796971165,97.41835797597047,226.47621849576345,210,0,-16.476218495763447
22400401,2024-12-23,DAL,POR,116.6,101.5,103.81842098846937,101.51581113550837,97.8,219.76256,240,1,20.237439999999992
22400406,2024-12-25,DAL,MIN,119.7,108.7,104.62704632539659,93.38117612213789,97.8,225.11856,204,0,-21.118560000000002
22500262,2025-11-19,DAL,NYK,117.9,114.6,100.68728425923366,99.66381709896116,101.6708034365676,231.41244785499748,224,0,-7.412447854997481
22500262,2025-11-19,DAL,NYK,117.9,114.6,100.68728425923366,99.66381709896116,97.8,227.25056,224,0,-3.250560000000007
22500052,2025-11-21,DAL,NOP,118.0,106.3,99.86989298737224,103.89421414373442,97.8,222.98656,233,1,10.013440000000003
22500052,2025-11-21,DAL,NOP,118.0,106.3,99.86989298737224,103.89421414373442,107.07847678820481,232.9627782426778,233,1,0.03722175732218602
22500273,2025-11-22,DAL,MEM,118.8,117.7,100.27911917784843,104.47379011400994,97.8,229.33056000000002,198,0,-31.33056000000002
22500332,2025-12-03,DAL,MIA,115.2,111.4,100.6296491014448,100.3801759744506,97.8,224.18256000000002,226,1,1.8174399999999764
22500356,2025-12-06,DAL,HOU,114.1,115.5,101.55322077906982,98.3351862429833,97.8,225.74256,231,1,5.2574400000000026
22501214,2025-12-12,DAL,BKN,114.2,109.0,102.33122907782501,97.7491681913131,97.8,222.41456,230,1,7.5854400000000055
22500376,2025-12-18,DAL,DET,116.6,119.6,102.98884777107583,103.92845306822822,101.9887449109707,233.67829852827572,230,0,-3.678298528275718
22500376,2025-12-18,DAL,DET,116.6,119.6,102.98884777107583,103.92845306822822,101.48892095739626,233.14088781339245,230,0,-3.140887813392453
22500415,2025-12-23,DAL,DEN,116.9,126.7,103.81528419115365,107.75648891518658,97.8,233.02256,261,1,27.97744
22100228,2021-11-18,DEN,PHI,110.5,106.2,97.8,97.8,97.8,219.03456,192,0,-27.03456
22100236,2021-11-19,DEN,CHI,110.5,106.2,97.8,97.8,97.8,219.03456,222,1,2.965440000000001
22100288,2021-11-26,DEN,MIL,110.5,106.2,97.8,97.8,97.8,219.03456,229,1,9.965440000000001
22100288,2021-11-26,DEN,MIL,110.5,106.2,97.8,97.8,95.92668379486696,217.02037041624098,229,1,11.97962958375902
22100411,2021-12-13,DEN,WAS,110.5,102.77777777777777,98.27034917310353,96.35399846968794,97.8,217.25500444444447,220,1,2.7449955555555334
22100424,2021-12-15,DEN,MIN,110.5,106.2,99.08757896958643,99.04071000639662,97.8,219.03456,231,1,11.965440000000001
22100482,2021-12-23,DEN,CHA,110.5,117.4,99.5834632672889,106.7840897183122,97.8,224.85856,222,0,-2.8585600000000113
22200219,2022-11-16,DEN,NYK,110.5,103.1,97.75519014484148,93.11235391329224,97.8,217.42255999999998,209,0,-8.422559999999976
22200258,2022-11-22,DEN,DET,110.5,105.4,97.80918213437218,98.81048677370389,97.8,218.61856,218,0,-0.6185600000000022
22200305,2022-11-28,DEN,HOU,105.5,108.7,96.8426469673425,102.31809525773015,97.8,217.73456,242,1,24.265440000000012
22200305,2022-11-28,DEN,HOU,105.5,108.7,96.8426469673425,102.31809525773015,100.89789580842796,221.06541757322174,242,1,20.934582426778263
22200320,2022-11-30,DEN,HOU,108.11111111111111,108.6,97.28753187151166,103.02494049582539,97.8,219.04033777777778,220,1,0.9596622222222209
22200362,2022-12-06,DEN,DAL,109.3,113.2,97.28753703859871,98.14305942518575,97.8,222.05056000000002,231,1,8.949439999999981
22200393,2022-12-10,DEN,UTA,111.9,117.8,99.90003628055665,106.11170020182597,97.8,225.79456,225,0,-0.7945599999999899
22200450,2022-12-18,DEN,CHA,115.8,111.3,102.97159278906084,101.78668267582323,97.8,224.44256000000001,234,1,9.557439999999986
22200465,2022-12-20,DEN,MEM,116.4,114.5,103.60048283055464,101.2328914388808,97.8,226.41856,196,0,-30.418560000000014
22200489,2022-12-23,DEN,POR,116.2,111.4,102.33964815960759,102.83557017205221,97.8,224.70256,227,1,2.2974399999999946
22200497,2022-12-25,DEN,PHX,117.5,116.4,102.70980406715891,101.93477274369218,97.8,227.97856000000002,253,1,25.021439999999984
22200535,2022-12-30,DEN,MIA,120.0,104.7,103.1565581650723,95.83569453710753,97.8,223.19456000000002,243,1,19.805439999999976
22200535,2022-12-30,DEN,MIA,120.0,104.7,103.1565581650723,95.83569453710753,106.17237291266962,232.1965353557024,243,1,10.803464644297605
22300252,2023-11-26,DEN,SAS,121.6,110.7,100.71544957481073,105.37022966344877,97.8,227.14656000000002,252,1,24.853439999999978
22300263,2023-11-29,DEN,HOU,121.9,111.6,102.01905703078994,98.49150107186053,97.8,227.77056000000002,258,1,30.229439999999983
22301224,2023-12-08,DEN,HOU,123.3,111.4,102.56129075942609,97.7951640095438,97.8,228.39456,220,0,-8.394560000000013
22301224,2023-12-08,DEN,HOU,123.3,111.4,102.56129075942609,97.7951640095438,101.50787509624884,232.38126730348677,220,0,-12.381267303486766
22300322,2023-12-14,DEN,BKN,122.4,120.7,102.23323340011875,103.42723312718722,97.8,232.76256,225,0,-7.762560000000008
22300340,2023-12-16,DEN,OKC,123.3,117.4,102.86160975065896,104.78343879661954,107.09967744975731,241.51357319397908,235,0,-6.513573193979084
22300340,2023-12-16,DEN,OKC,123.3,117.4,102.86160975065896,104.78343879661954,97.8,231.51456000000002,235,1,3.4854399999999828
22300356,2023-12-18,DEN,DAL,120.9,116.5,102.60057045000144,102.79585453905861,97.8,229.79856,234,1,4.201439999999991
22300356,2023-12-18,DEN,DAL,120.9,116.5,102.60057045000144,102.79585453905861,104.5876896783818,237.09668394219614,234,0,-3.0966839421961367
22300402,2023-12-25,DEN,GSW,122.0,116.6,101.31108446211154,105.0218588559627,97.8,230.42255999999998,234,1,3.577440000000024
22300425,2023-12-28,DEN,MEM,123.5,110.1,101.42409253144808,98.25942792348981,97.8,227.82256,247,1,19.17743999999999
22300425,2023-12-28,DEN,MEM,123.5,110.1,101.42409253144808,98.25942792348981,101.14414713416224,231.41818699865124,247,1,15.581813001348763
22300435,2023-12-29,DEN,OKC,125.7,119.0,101.5712091082908,107.20981132058591,97.8,233.59456,212,0,-21.59456
22300435,2023-12-29,DEN,OKC,125.7,119.0,101.5712091082908,107.20981132058591,105.99352160958482,242.4042344346256,212,0,-30.404234434625607
22400033,2024-11-22,DEN,DAL,122.2,115.5,99.22853400097132,104.2347087222185,97.8,229.95456000000001,243,1,13.045439999999985
22400033,2024-11-22,DEN,DAL,122.2,115.5,99.22853400097132,104.2347087222185,98.66173628326621,230.88109885176783,243,1,12.118901148232169
22400283,2024-11-25,DEN,NYK,121.8,120.7,99.56804218918387,106.21797488970897,97.8,232.45056,263,1,30.549440000000004
22400058,2024-12-03,DEN,GSW,120.4,111.9,101.07722392204299,99.85141911979291,97.8,227.14656000000002,234,1,6.853439999999978
22401213,2024-12-13,DEN,LAC,118.9,115.3,103.67800049128662,95.70045475264192,97.8,228.13456000000002,218,0,-10.134560000000022
22400402,2024-12-23,DEN,PHX,120.3,112.0,107.01969463116022,105.19398622419679,97.8,227.14656000000002,207,0,-20.146560000000022
22400402,2024-12-23,DEN,PHX,120.3,112.0,107.01969463116022,105.19398622419679,99.52161389934018,228.99763926457058,207,0,-21.99763926457058
22400432,2024-12-28,DEN,DET,121.4,116.5,105.61356812454098,104.43788772306142,97.8,230.05856,255,1,24.94144
22500248,2025-11-17,DEN,CHI,121.8,124.7,106.38958624071375,102.45514944719139,97.8,234.53056,257,1,22.46943999999999
22500274,2025-11-22,DEN,SAC,122.5,109.7,107.09177722513891,101.06685776621451,97.8,227.09456,251,1,23.90544
22500315,2025-12-01,DEN,DAL,124.9,112.3,108.56027662677853,98.8047088743079,97.8,229.69456000000002,252,1,22.305439999999976
22501225,2025-12-15,DEN,HOU,125.0,114.7,109.23208082626267,98.11351562452843,97.8,230.99456,253,1,22.005439999999993
22500377,2025-12-18,DEN,ORL,126.0,113.3,108.1953276816086,104.3487500500823,97.8,230.78656,241,1,10.213439999999991
22500386,2025-12-20,DEN,HOU,126.7,119.0,108.15843661765165,100.08903646841713,97.8,234.11456,216,0,-18.11456000000001
22500405,2025-12-22,DEN,UTA,124.8,117.9,107.90468097209231,108.42846897793173,97.8,232.55456,247,1,14.44543999999999
22100200,2021-11-15,DET,SAC,110.5,106.2,97.8,97.8,97.8,219.03456,236,1,16.96544
22100200,2021-11-15,DET,SAC,110.5,106.2,97.8,97.8,95.71109925436866,216.7885739182972,236,1,19.211426081702797
22100214,2021-11-17,DET,IND,110.5,106.2,97.8,97.8,97.8,219.03456,186,0,-33.03456
22100231,2021-11-19,DET,GSW,110.5,106.2,97.8,97.8,96.22742513383392,217.34372750389826,207,0,-10.343727503898265
22100231,2021-11-19,DET,GSW,110.5,106.2,97.8,97.8,97.8,219.03456,207,0,-12.034559999999999
22100249,2021-11-21,DET,LAL,110.5,106.2,97.8,97.8,97.8,219.03456,237,1,17.96544
22100263,2021-11-23,DET,MIA,110.5,106.2,97.8,97.8,97.8,219.03456,192,0,-27.03456
22100354,2021-12-06,DET,OKC,110.5,106.2,94.64861567537135,93.11430348231809,97.8,219.03456,217,0,-2.034559999999999
22100368,2021-12-08,DET,WAS,110.5,100.75,94.85101425033758,95.38976114663494,97.8,216.20056,235,1,18.799440000000004
22100399,2021-12-12,DET,BKN,110.5,106.2,93.59967186784088,97.50482684740416,97.8,219.03456,220,1,0.965440000000001
22100441,2021-12-18,DET,HOU,104.625,102.625,95.52677388019396,101.65655059742492,97.8,214.12056,223,1,8.879439999999988
22100449,2021-12-19,DET,MIA,104.88888888888889,103.6,95.00594054686063,94.29209889349931,97.8,214.76478222222224,190,0,-24.764782222222237
22100516,2021-12-29,DET,NYK,104.4,104.55555555555556,96.91663108980985,94.77147730457136,97.8,215.00744888888892,179,0,-36.007448888888916
22100516,2021-12-29,DET,NYK,104.4,104.55555555555556,96.91663108980985,94.77147730457136,95.40698478561549,212.43447893038268,179,0,-33.43447893038268
22200295,2022-11-27,DET,CLE,102.2,107.1,99.14760950968876,96.20050034903896,97.8,215.18656,196,0,-19.186559999999986
22200309,2022-11-29,DET,NYK,101.9,104.2,98.18481189064114,97.6526531050062,97.8,213.52256,250,1,36.47744
22200325,2022-12-01,DET,DAL,102.7,108.2,100.19098841983022,97.55997282212985,97.8,216.01856,256,1,39.98143999999999
22200347,2022-12-04,DET,MEM,104.2,113.2,101.45056593504684,101.16143974473762,97.8,219.39856,234,1,14.601439999999997
22200396,2022-12-11,DET,LAL,106.2,118.4,101.03910577497743,104.32069249355015,97.8,223.14256,241,1,17.857439999999997
22200429,2022-12-16,DET,SAC,107.6,108.9,100.46208936107608,101.01384467747526,97.8,218.93056,235,1,16.069439999999986
22200447,2022-12-18,DET,BKN,107.3,117.8,101.12818178352222,100.0330041375503,97.8,223.40256,245,1,21.597440000000006
22200461,2022-12-20,DET,UTA,109.0,112.1,101.31326876368654,102.86538736210598,97.8,221.32256,237,1,15.67743999999999
22200515,2022-12-28,DET,ORL,112.5,108.2,102.66327546734802,101.23588149079922,97.8,221.11456,222,1,0.8854399999999885
22300218,2023-11-20,DET,DEN,116.1,114.7,104.49026241076471,103.15254204665423,97.8,226.36656,210,0,-16.366559999999993
22300253,2023-11-27,DET,WAS,117.0,116.0,103.55809709180693,104.81543041819843,97.8,227.51056,233,1,5.489440000000002
22300258,2023-11-29,DET,LAL,116.7,114.2,103.14948836823451,102.17673127385643,97.8,226.41856,240,1,13.581439999999986
22300283,2023-12-02,DET,CLE,114.3,104.9,104.18575219949317,99.01022187737469,103.22033490388714,226.16250408865946,211,0,-15.16250408865946
22300283,2023-12-02,DET,CLE,114.3,104.9,104.18575219949317,99.01022187737469,103.80883978143942,226.79526453300366,211,0,-15.79526453300366
22301206,2023-12-06,DET,MEM,113.2,110.3,103.25631530967446,95.97660642422585,97.8,222.57056,218,0,-4.57056
22300293,2023-12-11,DET,IND,111.7,121.8,101.83586076421993,110.77193377350939,97.8,227.77056000000002,254,1,26.229439999999983
22300310,2023-12-13,DET,PHI,112.7,117.9,101.98467028802945,105.1090063090835,97.8,226.26256,240,1,13.737439999999992
22300374,2023-12-21,DET,UTA,111.7,106.9,104.86112148834428,100.98019529769884,97.8,220.02256,230,1,9.977440000000001
22300406,2023-12-26,DET,BKN,111.7,116.8,104.45390464884889,104.85528600197831,97.8,225.17056000000002,230,1,4.829439999999977
22300406,2023-12-26,DET,BKN,111.7,116.8,104.45390464884889,104.85528600197831,104.16620668393801,232.01550542657017,230,0,-2.015505426570172
22300440,2023-12-30,DET,TOR,109.8,116.9,103.91684772081452,104.13935525294336,97.8,224.23456,256,1,31.765440000000012
22400244,2024-11-18,DET,CHI,110.6,114.0,105.29980686920418,100.84717876623712,97.8,223.14256,234,1,10.857439999999997
22400278,2024-11-25,DET,TOR,111.5,117.0,103.59639265120079,102.37039522557568,102.6440166371936,230.37884668831055,202,0,-28.378846688310546
22400278,2024-11-25,DET,TOR,111.5,117.0,103.59639265120079,102.37039522557568,97.8,225.17056000000002,202,0,-23.170560000000023
22400301,2024-11-30,DET,PHI,111.0,112.9,101.33213608962025,98.10837999486249,97.8,222.77856,207,0,-15.778559999999999
22400052,2024-12-03,DET,MIL,109.9,123.7,100.0297414392915,104.44379970016065,97.8,227.82256,235,1,7.17743999999999
22401221,2024-12-16,DET,MIA,110.5,110.3,101.08610038273785,97.816079650679,97.8,221.16656,249,1,27.833439999999996
22400360,2024-12-19,DET,UTA,112.8,114.4,100.997101581645,104.68204190878782,99.936167832652,226.79136765366746,245,1,18.208632346332536
22400360,2024-12-19,DET,UTA,112.8,114.4,100.997101581645,104.68204190878782,98.88636069048121,225.66261501440542,245,1,19.337384985594582
22500242,2025-11-17,DET,IND,112.4,115.6,104.84311696351794,103.5631864216806,97.8,224.91056000000003,239,1,14.089439999999968
22500072,2025-11-28,DET,ORL,114.0,111.9,105.92474927107979,99.6141443153275,97.8,223.81856,221,0,-2.818559999999991
22500309,2025-12-01,DET,ATL,113.8,121.1,107.14720119408527,105.89306312814227,97.8,228.49856,197,0,-31.498559999999998
22500342,2025-12-05,DET,POR,112.5,111.9,104.07936628003667,104.59680884630522,103.8083289734483,229.49871531225162,238,1,8.501284687748381
22500342,2025-12-05,DET,POR,112.5,111.9,104.07936628003667,104.59680884630522,97.8,223.03856000000002,238,1,14.961439999999982
22500353,2025-12-06,DET,MIL,111.8,109.5,104.3408725561873,100.10380439049374,97.8,221.42656,236,1,14.573440000000005
22501210,2025-12-12,DET,ATL,113.0,121.3,104.6031339690169,104.19566913816725,97.8,228.18656,257,1,28.813440000000014
22500390,2025-12-20,DET,CHA,117.0,109.5,103.11815701779493,101.436459486702,97.8,224.13056,198,0,-26.130560000000003
22500390,2025-12-20,DET,CHA,117.0,109.5,103.11815701779493,101.436459486702,99.67795064108302,226.14973252929246,198,0,-28.149732529292464
22100252,2021-11-21,GSW,TOR,110.5,106.2,97.8,97.8,97.8,219.03456,223,1,3.965440000000001
22100278,2021-11-24,GSW,PHI,110.5,106.2,97.8,97.8,97.8,219.03456,212,0,-7.034559999999999
22100278,2021-11-24,GSW,PHI,110.5,106.2,97.8,97.8,100.15914682636759,221.57111466771045,212,0,-9.571114667710447
22100290,2021-11-26,GSW,POR,110.5,106.2,97.8,97.8,97.8,219.03456,221,1,1.965440000000001
22100290,2021-11-26,GSW,POR,110.5,106.2,97.8,97.8,95.7891246741469,216.87246684964276,221,1,4.1275331503572374
22100340,2021-12-03,GSW,PHX,110.5,106.2,93.36629418364856,96.2075282149583,97.8,219.03456,214,0,-5.034559999999999
22100346,2021-12-04,GSW,SAS,110.5,106.2,93.65175541966875,97.8,97.8,219.03456,219,0,-0.034559999999999036
22100361,2021-12-06,GSW,ORL,110.5,104.0,94.10427264518543,96.07297866936273,97.8,217.89056,221,1,3.1094400000000064
22100361,2021-12-06,GSW,ORL,110.5,104.0,94.10427264518543,96.07297866936273,96.48798227088218,216.47987853765252,221,1,4.5201214623474755
22100376,2021-12-08,GSW,POR,110.5,106.2,94.44436935759586,99.79284863589764,97.8,219.03456,198,0,-21.03456
22100376,2021-12-08,GSW,POR,110.5,106.2,94.44436935759586,99.79284863589764,98.28030275639424,219.5509815236751,198,0,-21.55098152367509
22100462,2021-12-20,GSW,SAC,110.5,114.875,93.30400954761296,101.4789563328337,97.8,223.54556000000002,211,0,-12.545560000000023
22100485,2021-12-23,GSW,MEM,115.125,106.2,92.96610078452267,93.54104495496445,99.32745909857147,223.08188402278404,217,0,-6.081884022784038
22100485,2021-12-23,GSW,MEM,115.125,106.2,92.96610078452267,93.54104495496445,97.8,221.43956000000003,217,0,-4.439560000000029
22200233,2022-11-18,GSW,NYK,112.0,102.7,94.81315030416907,93.55431819900654,97.8,217.99456,212,0,-5.994560000000007
22200271,2022-11-23,GSW,LAC,111.2,101.2,96.91612735195469,94.8351106345592,99.92955186944782,219.0882541700303,231,1,11.911745829969703
22200271,2022-11-23,GSW,LAC,111.2,101.2,96.91612735195469,94.8351106345592,97.8,216.79856,231,1,14.201439999999991
22200284,2022-11-25,GSW,UTA,112.0,118.1,98.03095351254444,102.603632889492,97.8,226.00256000000002,247,1,20.997439999999983
22200336,2022-12-02,GSW,CHI,113.1,110.7,101.3527187713659,103.2067691283652,102.49886710609614,227.77878191247459,230,1,2.221218087525415
22200336,2022-12-02,GSW,CHI,113.1,110.7,101.3527187713659,103.2067691283652,97.8,222.72656,230,1,7.273439999999994
22200342,2022-12-03,GSW,HOU,113.2,107.0,102.05956400946114,102.20786191414533,97.8,220.85456,221,1,0.14544000000000779
22200359,2022-12-05,GSW,IND,114.5,107.3,102.20775606636688,101.45980093410772,97.8,221.68656,216,0,-5.686559999999986
22200392,2022-12-10,GSW,BOS,112.3,111.1,103.83741794149036,102.44952086186719,97.8,222.51856,230,1,7.481439999999992
22200496,2022-12-25,GSW,MEM,114.2,113.3,104.02806730688941,99.59982832869947,97.8,224.65056,232,1,7.349439999999987
22200513,2022-12-27,GSW,CHA,115.2,115.0,104.17502442998762,105.16126034396233,97.8,226.05456,215,0,-11.05456000000001
22200521,2022-12-28,GSW,UTA,114.9,113.6,103.61698871570191,104.05650816297583,100.3176803143767,227.87756987401784,219,0,-8.877569874017837
22200521,2022-12-28,GSW,UTA,114.9,113.6,103.61698871570191,104.05650816297583,97.8,225.17056000000002,219,0,-6.170560000000023
22200536,2022-12-30,GSW,POR,117.5,112.5,103.57669900023065,102.68582153016938,97.8,225.95056,230,1,4.049440000000004
22300201,2023-11-16,GSW,OKC,118.2,112.4,104.09753233356399,100.41348736774734,97.8,226.26256,237,1,10.737439999999992
22300207,2023-11-18,GSW,OKC,116.7,113.1,103.72550852404017,100.85991593917589,97.8,225.84656,253,1,27.15343999999999
22300224,2023-11-20,GSW,HOU,116.1,109.8,103.66117357953605,97.86415304565294,97.8,223.81856,237,1,13.18144000000001
22300051,2023-11-24,GSW,SAS,116.3,110.5,103.36370631509942,104.7005868063059,97.8,224.28656,230,1,5.713439999999991
22300273,2023-11-30,GSW,LAC,116.1,120.8,104.03072493790124,101.17813454901176,97.8,229.53856000000002,234,1,4.461439999999982
22301214,2023-12-06,GSW,POR,117.7,108.4,103.10048908724576,97.21081924027796,98.39907356195833,224.56668389381758,216,0,-8.566683893817583
22301214,2023-12-06,GSW,POR,117.7,108.4,103.10048908724576,97.21081924027796,97.8,223.92256,216,0,-7.922560000000004
22300339,2023-12-16,GSW,BKN,116.4,118.9,104.37842157220742,103.08773010606176,97.8,228.70656000000002,244,1,15.293439999999975
22300362,2023-12-19,GSW,BOS,116.5,110.0,104.73991246415277,101.80497191803919,97.8,224.13056,258,1,33.86944
22300386,2023-12-22,GSW,WAS,118.7,116.8,104.61170646513087,109.53371327957909,97.8,228.81056,247,1,18.18943999999999
22300399,2023-12-23,GSW,POR,120.4,108.9,104.98326717447684,101.08606157431245,97.8,225.58656000000002,232,1,6.41343999999998
22300399,2023-12-23,GSW,POR,120.4,108.9,104.98326717447684,101.08606157431245,104.44867378017717,232.73521404844652,232,0,-0.7352140484465224
22300426,2023-12-28,GSW,MIA,121.2,112.7,104.53822790358176,103.19999626419605,97.8,227.97856000000002,216,0,-11.978560000000016
22300444,2023-12-30,GSW,DAL,120.5,113.1,103.83524183363511,105.02695622114167,97.8,227.82256,254,1,26.17743999999999
22400019,2024-11-15,GSW,MEM,120.4,110.1,104.90963424620179,99.70504768821856,97.8,226.21056000000002,241,1,14.789439999999985
22400019,2024-11-15,GSW,MEM,120.4,110.1,104.90963424620179,99.70504768821856,100.75272535726602,229.38533030413242,241,1,11.614669695867576
22400258,2024-11-20,GSW,ATL,120.6,119.5,104.15361566165507,106.78848242342997,97.8,231.20256,217,0,-14.202560000000005
22400284,2024-11-25,GSW,BKN,120.8,109.1,101.36307539413224,102.27022502216403,102.30992899182277,230.74763565200783,248,1,17.25236434799217
22400284,2024-11-25,GSW,BKN,120.8,109.1,101.36307539413224,102.27022502216403,97.8,225.89856,248,1,22.101439999999997
22400299,2024-11-27,GSW,OKC,120.8,118.8,101.95831348937033,101.78018243443837,97.8,230.94256000000001,206,0,-24.942560000000014
22400299,2024-11-27,GSW,OKC,120.8,118.8,101.95831348937033,101.78018243443837,101.83779898770887,235.2840014715846,206,0,-29.284001471584588
22400332,2024-12-05,GSW,HOU,119.9,116.5,99.9255151482458,101.17535710505253,97.8,229.27856,192,0,-37.27856
22400338,2024-12-06,GSW,MIN,117.4,111.5,98.55349133872198,96.43621372440235,97.8,225.37856,197,0,-28.378559999999993
22400355,2024-12-08,GSW,MIN,113.2,111.5,97.91065403747915,95.08946415285722,97.8,223.19456000000002,220,0,-3.194560000000024
22400403,2024-12-23,GSW,IND,112.4,116.6,97.64882693689292,102.6084429995891,99.38019608016047,227.12958682538857,216,0,-11.129586825388571
22400403,2024-12-23,GSW,IND,112.4,116.6,97.64882693689292,102.6084429995891,97.8,225.43056,216,0,-9.430560000000014
22400408,2024-12-25,GSW,LAL,112.7,103.6,98.38265664127766,95.34437968100394,97.8,218.82656,228,1,9.17344
22400431,2024-12-28,GSW,PHX,111.8,110.7,97.30825187937289,100.8353522490699,97.8,222.05056000000002,214,0,-8.050560000000019
22400446,2024-12-30,GSW,CLE,110.4,116.8,97.09247432371097,101.77816263465229,97.8,224.49456,208,0,-16.494560000000007
22500056,2025-11-21,GSW,POR,107.9,105.1,98.21041566941885,104.37361716451959,97.8,217.11056000000002,250,1,32.88943999999998
22500291,2025-11-24,GSW,UTA,108.2,115.9,100.17767757418075,107.25192418002706,97.8,222.88256,251,1,28.117439999999988
22500066,2025-11-26,GSW,HOU,111.5,112.3,99.89339581168322,97.02687494210919,97.8,222.72656,204,0,-18.726560000000006
22500298,2025-11-29,GSW,NOP,111.6,105.5,98.70230215430325,104.37634290647298,97.8,219.24256,200,0,-19.242559999999997
22500323,2025-12-02,GSW,OKC,113.0,112.9,98.07619071387649,100.78486447348126,97.8,223.81856,236,1,12.18144000000001
22501215,2025-12-12,GSW,MIN,112.8,113.7,97.69704149129574,101.45304084448172,97.8,224.13056,247,1,22.869439999999997
22500392,2025-12-20,GSW,PHX,111.5,110.7,98.83388479069991,98.77999641300816,97.8,221.89456,235,1,13.105439999999987
22500407,2025-12-22,GSW,ORL,112.9,116.4,99.84441200719424,104.71606818161598,97.8,225.58656000000002,217,0,-8.58656000000002
22100271,2021-11-24,HOU,CHI,110.5,106.2,97.8,97.8,97.8,219.03456,231,1,11.965440000000001
22100308,2021-11-29,HOU,OKC,110.5,106.2,97.8,97.8,97.8,219.03456,191,0,-28.03456
22100337,2021-12-03,HOU,ORL,110.5,106.2,97.52324949689418,95.19013905871381,97.8,219.03456,234,1,14.965440000000001
22100352,2021-12-05,HOU,NOP,110.5,106.2,98.34304119455614,95.60983830646828,97.8,219.03456,226,1,6.965440000000001
22100372,2021-12-08,HOU,BKN,110.5,106.2,98.59802278938625,97.5007862395987,97.8,219.03456,218,0,-1.034559999999999
22100386,2021-12-10,HOU,MIL,110.5,106.2,98.51898719048154,97.17741213437783,97.8,219.03456,237,1,17.96544
22100386,2021-12-10,HOU,MIL,110.5,106.2,98.51898719048154,97.17741213437783,95.97616555145426,217.07357320092365,237,1,19.926426799076353
22100431,2021-12-16,HOU,NYK,110.5,106.2,100.90910691040654,95.13872876947266,97.8,219.03456,219,0,-0.034559999999999036
22100511,2021-12-28,HOU,LAL,116.625,109.0,101.96862180670517,96.01576032035194,97.8,223.67556000000002,255,1,31.32443999999998
22100532,2021-12-31,HOU,MIA,117.33333333333333,102.3,103.04749085432422,94.54506002191671,97.8,220.55989333333335,230,1,9.44010666666665
22100532,2021-12-31,HOU,MIA,117.33333333333333,102.3,103.04749085432422,94.54506002191671,99.57117144171336,222.46425686746358,230,1,7.535743132536425
22200228,2022-11-18,HOU,IND,116.6,102.55555555555556,101.94085057390434,98.14290111476804,99.18213235635848,221.79751759844555,190,0,-31.797517598445552
22200228,2022-11-18,HOU,IND,116.6,102.55555555555556,101.94085057390434,98.14290111476804,97.8,220.3114488888889,190,0,-30.31144888888889
22200245,2022-11-20,HOU,GSW,113.9,105.2,101.09277326766802,94.54627702593217,97.8,220.28256,247,1,26.71744000000001
22200278,2022-11-25,HOU,ATL,111.3,112.7,100.76287116219775,99.58414114046523,97.8,222.83056000000002,250,1,27.16943999999998
22200287,2022-11-26,HOU,OKC,113.9,103.4,102.10076757594997,98.53144024054511,97.8,219.34656,223,1,3.653439999999989
22200356,2022-12-05,HOU,PHI,113.9,108.9,102.06213972485466,96.11242513898213,97.8,222.20656000000002,255,1,32.793439999999975
22200401,2022-12-11,HOU,MIL,115.3,111.1,100.66627860551067,99.64382519661798,97.8,224.07855999999998,189,0,-35.07855999999998
22200411,2022-12-13,HOU,PHX,113.6,116.2,99.4785686667634,102.68113457185719,97.8,225.84656,208,0,-17.84656000000001
22200424,2022-12-15,HOU,MIA,113.3,103.5,99.88333057152529,96.24595843132948,97.8,219.08656000000002,219,0,-0.08656000000001995
22200441,2022-12-17,HOU,POR,113.8,110.2,100.6973186667634,103.18350403458965,97.8,222.83056000000002,202,0,-20.83056000000002
22200455,2022-12-19,HOU,SAS,111.0,111.0,98.99202944526566,100.715883602335,104.3238454259261,228.80499860195576,229,1,0.19500139804424066
22200455,2022-12-19,HOU,SAS,111.0,111.0,98.99202944526566,100.715883602335,97.8,221.79056000000003,229,1,7.209439999999972
22200472,2022-12-21,HOU,ORL,110.5,104.9,98.17896331486645,98.850570671911,97.8,218.35856,226,1,7.641439999999989
22200487,2022-12-23,HOU,DAL,112.4,111.3,98.25585861273454,100.02552573681153,97.8,222.67456,218,0,-4.674560000000014
22200541,2022-12-31,HOU,NYK,111.0,117.3,98.77236967774148,98.67404432229007,97.8,225.06656,196,0,-29.06656000000001
22300231,2023-11-22,HOU,MEM,107.0,113.8,98.97991315722896,99.5449613022454,102.30633867357673,226.01177534182972,202,0,-24.01177534182972
22300231,2023-11-22,HOU,MEM,107.0,113.8,98.97991315722896,99.5449613022454,97.8,221.16656,202,0,-19.166560000000004
22300048,2023-11-24,HOU,DEN,106.3,112.8,98.34747268103848,102.05135157046375,98.63187779332726,221.17699500338546,191,0,-30.176995003385457
22300048,2023-11-24,HOU,DEN,106.3,112.8,98.34747268103848,102.05135157046375,97.8,220.28256,191,0,-29.28255999999999
22301212,2023-12-06,HOU,OKC,103.6,117.3,99.21166925641069,103.18690334570233,97.8,221.21856,211,0,-10.218559999999997
22301212,2023-12-06,HOU,OKC,103.6,117.3,99.21166925641069,103.18690334570233,99.20396216960022,222.72810012475415,211,0,-11.72810012475415
22300314,2023-12-13,HOU,MEM,103.1,109.7,95.79069972382952,95.63872709965328,97.8,217.00656,221,1,3.9934399999999926
22300371,2023-12-20,HOU,ATL,104.0,120.2,97.93172947467671,108.1947674304448,97.8,222.93456,261,1,38.065439999999995
22300371,2023-12-20,HOU,ATL,104.0,120.2,97.93172947467671,108.1947674304448,105.47394654985196,231.18558733040084,261,1,29.814412669599164
22300385,2023-12-22,HOU,DAL,107.2,116.5,100.0001818556291,103.43187516069639,97.8,222.67456,218,0,-4.674560000000014
22300409,2023-12-26,HOU,IND,108.9,126.2,99.81166254646597,109.3459980760477,97.8,228.60256,240,1,11.397439999999989
22300418,2023-12-27,HOU,PHX,109.6,112.0,99.11985262747761,101.18818524606154,97.8,221.58256,242,1,20.41744
22300434,2023-12-29,HOU,PHI,110.3,120.0,100.50178877013553,103.52551060637626,97.8,226.10656,258,1,31.89344
22400016,2024-11-15,HOU,LAC,114.2,122.1,102.20257577949995,105.2740239320871,97.8,229.22656,229,0,-0.2265600000000063
22400254,2024-11-20,HOU,IND,115.6,119.1,103.79952611821282,107.4655877168833,100.4679251655175,231.26311313796444,243,1,11.736886862035561
22400254,2024-11-20,HOU,IND,115.6,119.1,103.79952611821282,107.4655877168833,97.8,228.39456,243,1,14.605439999999987
22400031,2024-11-22,HOU,POR,118.1,108.9,105.48142272622842,104.51957600020337,97.8,224.39056,204,0,-20.390559999999994
22400267,2024-11-23,HOU,POR,118.7,106.5,103.88835811449161,102.49403756906328,97.8,223.45456000000001,202,0,-21.454560000000015
22400310,2024-12-01,HOU,OKC,119.2,113.0,100.6078012228236,99.56155442306785,97.8,227.09456,235,1,7.905439999999999
22400365,2024-12-19,HOU,NOP,115.8,109.6,95.3619290445455,100.67980651739157,100.68234980061135,226.65766250561734,246,1,19.34233749438266
22400365,2024-12-19,HOU,NOP,115.8,109.6,95.3619290445455,100.67980651739157,101.58248761889791,227.62549068783903,246,1,18.374509312160967
22400422,2024-12-27,HOU,MIN,116.9,108.2,98.07553130431783,93.25942287538463,97.8,223.40256,225,1,1.597440000000006
22400439,2024-12-29,HOU,MIA,116.4,108.3,98.73502805756458,98.19687065468787,97.8,223.19456000000002,204,0,-19.194560000000024
22500236,2025-11-16,HOU,ORL,115.1,105.4,98.30889169392822,93.99289024321685,97.8,221.01056,230,1,8.989440000000002
22500054,2025-11-21,HOU,DEN,114.1,123.4,96.76832157870756,106.91211760803246,97.8,229.85056000000003,221,0,-8.85056000000003
22500054,2025-11-21,HOU,DEN,114.1,123.4,96.76832157870756,106.91211760803246,106.34844942160964,239.0418528181147,221,0,-18.041852818114705
22500330,2025-12-03,HOU,SAC,112.5,114.1,98.59949308032093,101.21275230710633,97.8,224.18256,216,0,-8.182559999999995
22500346,2025-12-05,HOU,PHX,111.6,115.7,98.26853081989809,100.31041524493612,97.8,224.54656,215,0,-9.54656
22501205,2025-12-11,HOU,LAC,111.7,112.3,98.0019084816713,101.88964552537537,97.8,222.83056000000002,228,1,5.16943999999998
22100240,2021-11-20,IND,NOP,110.5,106.2,97.8,97.8,97.8,219.03456,205,0,-14.034559999999999
22100268,2021-11-24,IND,LAL,110.5,106.2,97.8,97.8,97.8,219.03456,240,1,20.96544
22100268,2021-11-24,IND,LAL,110.5,106.2,97.8,97.8,100.27400305235803,221.69460808189535,240,1,18.305391918104647
22100284,2021-11-26,IND,TOR,110.5,106.2,97.8,97.8,97.8,219.03456,211,0,-8.034559999999999
22100301,2021-11-28,IND,MIL,110.5,106.2,97.8,97.8,97.8,219.03456,218,0,-1.034559999999999
22100319,2021-12-01,IND,ATL,110.5,106.2,93.19140611355436,97.8,97.8,219.03456,225,1,5.965440000000001
22100333,2021-12-03,IND,MIA,110.5,106.2,93.9169083593418,92.86104800375446,97.8,219.03456,217,0,-2.034559999999999
22100355,2021-12-06,IND,WAS,110.5,106.2,94.14928296718736,94.54168714733434,97.8,219.03456,226,1,6.965440000000001
22100369,2021-12-08,IND,NYK,110.5,106.2,94.74642630230869,94.61200324099468,97.8,219.03456,224,1,4.965440000000001
22100383,2021-12-10,IND,DAL,111.75,106.2,95.74642630230869,93.28418674832506,97.8,219.68456,199,0,-20.684560000000005
22100405,2021-12-13,IND,GSW,111.11111111111111,106.2,95.78564780003641,93.20713110891654,97.8,219.3523377777778,202,0,-17.35233777777779
22100428,2021-12-16,IND,DET,110.0,106.2,94.80670122715122,94.48510721352727,97.8,218.77456,235,1,16.225439999999992
22100476,2021-12-23,IND,HOU,111.1,105.9,96.3551710192141,102.48574387975704,97.8,219.19056,224,1,4.809439999999995
22100517,2021-12-29,IND,CHA,111.3,118.3,96.83989158107903,104.34390030116789,97.8,225.74256,224,0,-1.7425599999999974
22100530,2021-12-31,IND,CHI,110.7,112.2,97.80715348584094,101.5592311715481,97.8,222.25856,214,0,-8.258559999999989
22200236,2022-11-19,IND,ORL,111.3,103.0,97.03331753238109,96.38954814030335,97.8,217.78656,227,1,9.213439999999991
22200249,2022-11-21,IND,ORL,111.6,104.7,97.10988342844905,96.98694736970465,97.8,218.82656,225,1,6.173439999999999
22200262,2022-11-23,IND,MIN,113.5,113.7,98.03868633056392,97.81578696492745,97.8,224.49456,216,0,-8.494560000000007
22200276,2022-11-25,IND,BKN,112.0,112.9,98.52617645109346,100.48919672009238,101.77894527666272,227.57672196146774,245,1,17.42327803853226
22200276,2022-11-25,IND,BKN,112.0,112.9,98.52617645109346,100.48919672009238,97.8,223.29856,245,1,21.70143999999999
22200378,2022-12-09,IND,WAS,112.6,111.0,101.52957469423417,101.10962179299572,97.8,222.62256,232,1,9.377440000000007
22200415,2022-12-14,IND,GSW,113.4,114.0,103.03260344594268,104.17347430386934,97.8,224.59856000000002,244,1,19.40143999999998
22200415,2022-12-14,IND,GSW,113.4,114.0,103.03260344594268,104.17347430386934,106.33621104483835,233.7766941154102,244,1,10.223305884589792
22200446,2022-12-18,IND,NYK,114.1,113.2,103.5518931120166,99.7789317849974,97.8,224.54656,215,0,-9.54656
22200508,2022-12-27,IND,ATL,113.9,112.8,100.36185903835134,103.4002550603805,97.8,224.23456,243,1,18.765440000000012
22200538,2022-12-31,IND,LAC,118.3,117.4,102.83923015208609,97.8875767975021,100.08827870552847,231.3749172641842,261,1,29.625082735815795
22200538,2022-12-31,IND,LAC,118.3,117.4,102.83923015208609,97.8875767975021,97.8,228.91456,261,1,32.085440000000006
22300209,2023-11-19,IND,ORL,119.1,105.9,103.64280158065753,100.03953966773247,97.8,223.35056000000003,244,1,20.64943999999997
22300230,2023-11-22,IND,TOR,120.6,108.1,104.0892301520861,101.5362616569248,101.04900876571864,228.76789422490072,263,1,34.232105775099285
22300230,2023-11-22,IND,TOR,120.6,108.1,104.0892301520861,101.5362616569248,97.8,225.27456,263,1,37.72543999999999
22300047,2023-11-24,IND,DET,120.9,110.3,106.3392301520861,103.0372637584736,98.24123264168773,227.04897333634267,249,1,21.95102666365733
22300047,2023-11-24,IND,DET,120.9,110.3,106.3392301520861,103.0372637584736,97.8,226.57456000000002,249,1,22.42543999999998
22300254,2023-11-27,IND,POR,122.4,110.8,106.52524205684801,97.7233138578306,97.8,227.61456,224,0,-3.6145600000000115
22301202,2023-12-04,IND,BOS,120.1,110.4,108.95287506490287,100.11470598588808,97.8,226.21056000000002,234,1,7.789439999999985
22300365,2023-12-20,IND,CHA,124.3,109.7,110.37712155992102,101.36774822582898,104.55766125142961,235.29639737753712,257,1,21.70360262246288
22300365,2023-12-20,IND,CHA,124.3,109.7,110.37712155992102,101.36774822582898,105.16381216536108,235.94813084019626,257,1,21.051869159803744
22300391,2023-12-23,IND,ORL,128.1,107.8,110.44905645421069,102.25582518355178,97.8,229.01856,227,0,-2.018560000000008
22300391,2023-12-23,IND,ORL,128.1,107.8,110.44905645421069,102.25582518355178,103.55685340154568,235.20832877734193,227,0,-8.208328777341933
22300441,2023-12-30,IND,NYK,126.2,120.1,108.28216434753556,108.83645200047029,97.8,234.42656,266,1,31.573440000000005
22400009,2024-11-15,IND,MIA,126.7,110.5,108.6765095856308,100.40855188561473,97.8,229.69456000000002,235,1,5.305439999999976
22400235,2024-11-17,IND,MIA,124.7,113.2,108.7155877168833,101.15259950466236,97.8,230.05856,229,0,-1.05856
22400272,2024-11-24,IND,WAS,125.0,114.1,107.2580546535179,105.0467794476425,97.8,230.68256,218,0,-12.682559999999995
22400279,2024-11-25,IND,NOP,123.4,116.0,105.85299262870798,98.82987806261876,102.8352012869767,236.25240842375734,224,0,-12.252408423757345
22400279,2024-11-25,IND,NOP,123.4,116.0,105.85299262870798,98.82987806261876,97.8,230.83856,224,0,-6.838560000000001
22400288,2024-11-27,IND,POR,121.2,105.8,104.63040815923556,100.04223473621813,102.61939279763446,229.57237113601659,235,1,5.427628863983415
22400288,2024-11-27,IND,POR,121.2,105.8,104.63040815923556,100.04223473621813,102.12784270038334,229.04385647145216,235,1,5.956143528547841
22400045,2024-11-29,IND,DET,122.3,112.2,105.26222600143518,101.07341745693896,97.8,228.29056000000003,236,1,7.709439999999972
22400349,2024-12-08,IND,CHA,120.7,110.0,105.02410304191785,97.67644850542392,97.8,226.31456000000003,222,0,-4.314560000000029
22401216,2024-12-15,IND,NOP,118.9,110.4,103.9824363752512,100.71451836238062,97.8,225.58656000000002,223,0,-2.58656000000002
22400410,2024-12-26,IND,OKC,116.4,110.1,102.37902433408647,96.07159660509978,97.8,224.13056,234,1,9.869439999999997
22400410,2024-12-26,IND,OKC,116.4,110.1,102.37902433408647,96.07159660509978,105.12481071926678,232.00619648535564,234,1,1.9938035146443553
22400450,2024-12-31,IND,MIL,116.8,110.2,101.96918326025003,97.61515845096524,97.8,224.39056,232,1,7.609440000000006
22500230,2025-11-15,IND,TOR,114.0,111.4,101.96794832644251,102.44778818775204,97.8,223.55856,240,1,16.44144
22500256,2025-11-19,IND,CHA,114.0,108.7,103.00515070739488,96.03063144555209,97.8,222.15456,245,1,22.845439999999996
22500256,2025-11-19,IND,CHA,114.0,108.7,103.00515070739488,96.03063144555209,101.5404446118236,226.17628604663275,245,1,18.823713953367246
22500283,2025-11-24,IND,DET,114.8,120.3,103.93614418219066,106.26081596763288,97.8,228.60255999999998,239,1,10.397440000000017
22500073,2025-11-28,IND,WAS,115.0,106.0,103.30816799171447,103.45326248657125,104.7069931543164,228.696959039521,205,0,-23.696959039521005
22500073,2025-11-28,IND,WAS,115.0,106.0,103.30816799171447,103.45326248657125,97.8,221.27056000000002,205,0,-16.270560000000017
22500295,2025-11-29,IND,CHI,115.5,127.1,102.76493269904974,105.84601416127786,97.8,232.50256000000002,204,0,-28.502560000000017
22500310,2025-12-01,IND,CLE,113.7,118.3,102.28488189211608,101.56920445611878,107.76786165455685,237.70800485097953,254,1,16.291995149020465
22500310,2025-12-01,IND,CLE,113.7,118.3,102.28488189211608,101.56920445611878,97.8,226.99056000000002,254,1,27.009439999999984
22500325,2025-12-03,IND,DEN,115.0,123.3,102.95083525693308,110.19441958064924,97.8,230.26656,255,1,24.73344
22500364,2025-12-08,IND,SAC,116.1,114.7,102.83424037161355,101.5547017322782,97.8,226.36656,221,0,-5.366559999999993
22501216,2025-12-14,IND,WAS,115.8,103.9,101.71536709008336,106.2990414158016,97.8,220.59456,197,0,-23.59456
22500372,2025-12-18,IND,NYK,113.3,120.5,100.12012899484527,102.73229106402336,97.8,227.92656,227,0,-0.9265599999999949
22500372,2025-12-18,IND,NYK,113.3,120.5,100.12012899484527,102.73229106402336,101.73962454898817,232.1624443150721,227,0,-5.162444315072094
22500413,2025-12-23,IND,MIL,113.4,108.1,98.11088393933422,98.35050877144421,97.8,221.53056,205,0,-16.53056000000001
22500413,2025-12-23,IND,MIL,113.4,108.1,98.11088393933422,98.35050877144421,107.79194055643626,232.27389448628026,205,0,-27.273894486280255
22100212,2021-11-16,LAC,SAS,110.5,106.2,97.8,97.8,97.8,219.03456,198,0,-21.03456
22100248,2021-11-21,LAC,DAL,110.5,106.2,97.8,97.8,97.8,219.03456,188,0,-31.03456
22100266,2021-11-23,LAC,DAL,110.5,106.2,97.8,97.8,97.8,219.03456,216,0,-3.034559999999999
22100280,2021-11-26,LAC,DET,110.5,106.2,97.8,97.8,97.8,219.03456,203,0,-16.03456
22100280,2021-11-26,LAC,DET,110.5,106.2,97.8,97.8,96.7294313681648,217.8834846070508,203,0,-14.883484607050804
22100300,2021-11-28,LAC,GSW,110.5,106.2,97.8,97.8,97.8,219.03456,195,0,-24.03456
22100313,2021-11-29,LAC,NOP,110.5,106.2,97.8,93.89681779850048,97.8,219.03456,227,1,7.965440000000001
22100327,2021-12-01,LAC,SAC,110.5,106.2,91.92932772338088,97.22899616478477,97.8,219.03456,239,1,19.96544
22100378,2021-12-08,LAC,BOS,110.5,106.2,93.66354250520696,97.24828393416188,97.8,219.03456,225,1,5.965440000000001
22100391,2021-12-11,LAC,ORL,104.625,105.7,94.7335945646425,96.83807901903599,97.8,215.71956,210,0,-5.719560000000001
22100412,2021-12-13,LAC,PHX,104.77777777777777,106.2,93.99267319609508,96.13505716363643,97.8,216.05900444444444,206,0,-10.05900444444444
22100463,2021-12-20,LAC,SAS,105.4,106.2,95.73535621328536,99.93435067227487,97.8,216.38256,208,0,-8.382560000000012
22100500,2021-12-26,LAC,DEN,104.0,111.8,95.85766116401616,99.24976297397313,97.8,218.56656,203,0,-15.56656000000001
22100507,2021-12-27,LAC,BKN,104.3,106.2,94.99293242733319,97.52588868200132,97.8,215.81056,232,1,16.18943999999999
22200223,2022-11-17,LAC,DET,104.7,100.8,94.60679651142215,96.76626554940282,97.8,213.21056000000002,187,0,-26.210560000000015
22200239,2022-11-19,LAC,SAS,103.6,115.3,93.5345709684853,104.09294151944313,97.8,220.17856,216,0,-4.1785600000000045
22200255,2022-11-21,LAC,UTA,106.5,118.55555555555556,93.72444204139579,102.82870085167565,97.8,223.3794488888889,235,1,11.620551111111098
22200285,2022-11-25,LAC,DEN,108.2,110.5,95.05491851812862,96.8830910495397,101.04853434376122,223.56738412641207,218,0,-5.567384126412065
22200285,2022-11-25,LAC,DEN,108.2,110.5,95.05491851812862,96.8830910495397,97.8,220.07456000000002,218,0,-2.0745600000000195
22200292,2022-11-27,LAC,IND,107.1,102.2,95.46414470860479,99.67883279371348,97.8,215.18656,214,0,-1.1865599999999858
22200338,2022-12-03,LAC,SAC,107.1,111.4,98.21819176311125,103.51894199648585,97.8,219.97056000000003,219,0,-0.9705600000000345
22200408,2022-12-12,LAC,BOS,106.1,110.7,100.03007758531196,102.52579352574445,97.8,219.08656000000002,206,0,-13.08656000000002
22200423,2022-12-14,LAC,MIN,106.3,116.0,99.65959744304757,103.68764721031035,97.8,221.94656,187,0,-34.946560000000005
22200427,2022-12-15,LAC,PHX,107.0,116.4,98.25037125257138,102.56952742900005,97.8,222.51856,206,0,-16.518560000000008
22200438,2022-12-17,LAC,WAS,106.5,114.2,97.28435461579114,103.8147414048607,97.8,221.11456,195,0,-26.11456000000001
22200476,2022-12-21,LAC,CHA,105.9,113.1,96.50756890150545,104.09883400078837,98.46512557261659,220.94570301567737,231,1,10.054296984322633
22200476,2022-12-21,LAC,CHA,105.9,113.1,96.50756890150545,104.09883400078837,97.8,220.23056000000003,231,1,10.769439999999975
22300037,2023-11-17,LAC,HOU,108.9,109.4,99.82266215239878,98.20019705869385,101.28754160093227,223.6163647293224,206,0,-17.616364729322413
22300037,2023-11-17,LAC,HOU,108.9,109.4,99.82266215239878,98.20019705869385,100.37546847153921,222.63570370059898,206,0,-16.63570370059898
22300052,2023-11-24,LAC,NOP,107.6,115.1,99.30921418250749,103.20352145256474,97.8,222.15456,222,0,-0.15456000000000358
22300244,2023-11-25,LAC,DAL,106.1,113.7,100.20054000744328,102.11326594744013,97.8,220.64656000000002,195,0,-25.646560000000022
22300257,2023-11-27,LAC,DEN,106.4,110.5,99.87018286458613,101.34619201701582,97.8,219.13855999999998,217,0,-2.138559999999984
22300280,2023-12-02,LAC,GSW,105.4,114.3,101.21533692996415,104.32834398552029,97.8,220.59456,225,1,4.405439999999999
22301215,2023-12-06,LAC,DEN,107.1,111.9,100.31818558545802,104.01033121585762,97.8,220.23056000000003,213,0,-7.230560000000025
22301215,2023-12-06,LAC,DEN,107.1,111.9,100.31818558545802,104.01033121585762,98.5937669647626,221.08401824051276,213,0,-8.084018240512762
22300304,2023-12-11,LAC,POR,106.9,108.3,99.23869907093518,96.76950027206671,106.7593691411666,227.88767370058235,259,1,31.112326299417646
22300309,2023-12-12,LAC,SAC,110.2,117.5,99.23869907093518,106.43831727965504,97.8,224.75456000000003,218,0,-6.754560000000026
22300325,2023-12-14,LAC,GSW,112.6,116.0,99.68327524165244,104.26573386226868,97.8,225.22256,234,1,8.777440000000013
22300343,2023-12-16,LAC,NYK,114.5,118.2,100.12494268398001,103.86886237897649,97.8,227.35456,266,1,38.64544000000001
22300343,2023-12-16,LAC,NYK,114.5,118.2,100.12494268398001,103.86886237897649,106.99030206222577,237.23597277730516,266,1,28.764027222694835
22300389,2023-12-23,LAC,BOS,116.3,113.8,105.76495016551213,103.28833230764957,104.37988419208375,233.07725148332844,253,1,19.92274851667156
22300389,2023-12-23,LAC,BOS,116.3,113.8,105.76495016551213,103.28833230764957,97.8,226.00256000000002,253,1,26.997439999999983
22300414,2023-12-26,LAC,CHA,116.5,110.5,105.91235876284226,100.43968312011866,97.8,224.39056,217,0,-7.390559999999994
22300438,2023-12-29,LAC,MEM,117.2,108.6,105.31369618065459,99.85759301597311,105.07699886756903,231.59078918241022,223,0,-8.59078918241022
22300438,2023-12-29,LAC,MEM,117.2,108.6,105.31369618065459,99.85759301597311,97.8,223.76656,223,0,-0.7665599999999984
22400243,2024-11-17,LAC,UTA,118.2,115.6,105.86926202732519,105.06028401720762,97.8,227.92656,221,0,-6.926559999999995
22400243,2024-11-17,LAC,UTA,118.2,115.6,105.86926202732519,105.06028401720762,101.34439873762682,231.73749752269637,221,0,-10.737497522696373
22400251,2024-11-18,LAC,GSW,119.4,115.4,105.90646440827759,105.87303698281511,97.8,228.44656000000003,201,0,-27.446560000000034
22400251,2024-11-18,LAC,GSW,119.4,115.4,105.90646440827759,105.87303698281511,98.117944735317,228.78841417941285,201,0,-27.788414179412854
22400259,2024-11-20,LAC,ORL,118.3,112.2,103.80080964637283,97.97981551407172,97.8,226.21056000000002,197,0,-29.210560000000015
22400034,2024-11-22,LAC,SAC,117.6,115.3,103.0838763166771,104.30344760664191,97.8,227.45856,192,0,-35.458560000000006
22400314,2024-12-01,LAC,DEN,114.8,113.5,96.58403382230169,100.74240249347154,102.62455731159535,230.25392402142734,248,1,17.746075978572662
22400314,2024-12-01,LAC,DEN,114.8,113.5,96.58403382230169,100.74240249347154,103.05033249068431,230.71171749398377,248,1,17.28828250601623
22400060,2024-12-03,LAC,POR,115.5,105.8,96.3980219175398,101.39609512379927,97.8,221.42656,232,1,10.573440000000005
22400060,2024-12-03,LAC,POR,115.5,105.8,96.3980219175398,101.39609512379927,101.69439551728993,225.61381406019012,232,1,6.386185939809877
22400324,2024-12-04,LAC,MIN,116.1,113.4,96.88646665740383,96.87335259668767,97.8,225.69056,188,0,-37.690560000000005
22400356,2024-12-08,LAC,HOU,109.7,114.4,95.92366903835621,99.50571424790967,97.8,222.88256,223,1,0.11743999999998778
22400356,2024-12-08,LAC,HOU,109.7,114.4,95.92366903835621,99.50571424790967,102.17021521799538,227.58141540238864,223,0,-4.581415402388643
22401226,2024-12-16,LAC,UTA,109.5,116.3,95.5551956635291,103.56597048021638,97.8,223.76656,251,1,27.23344
22400426,2024-12-27,LAC,GSW,112.6,105.3,98.39159648976698,97.63860902223003,97.8,219.65856000000002,194,0,-25.658560000000023
22500079,2025-11-28,LAC,MEM,111.1,116.9,100.12056133090658,102.91848387353666,104.61202815778131,232.2348526752465,219,0,-13.234852675246486
22500079,2025-11-28,LAC,MEM,111.1,116.9,100.12056133090658,102.91848387353666,97.8,224.91056000000003,219,0,-5.910560000000032
22500300,2025-11-29,LAC,DAL,110.2,114.6,100.41074494024504,99.39994696954601,97.8,223.24656,224,1,0.7534400000000119
22501226,2025-12-15,LAC,MEM,111.0,113.7,101.48041933489917,99.91437462563385,97.8,223.19456000000002,224,1,0.805439999999976
22500395,2025-12-20,LAC,LAL,110.9,115.7,101.51471051601425,107.63397625863267,97.8,224.18256000000002,191,0,-33.182560000000024
22500422,2025-12-23,LAC,HOU,110.8,118.7,99.65905575410949,100.14830159211441,97.8,225.69056,236,1,10.309439999999995
22100209,2021-11-15,LAL,CHI,110.5,106.2,97.8,97.8,97.8,219.03456,224,1,4.965440000000001
22100304,2021-11-28,LAL,DET,110.5,106.2,97.8,97.8,97.8,219.03456,216,0,-3.034559999999999
22100341,2021-12-03,LAL,LAC,110.5,106.2,97.63859364028735,93.47214018806623,97.8,219.03456,234,1,14.965440000000001
22100365,2021-12-07,LAL,BOS,110.5,106.2,98.32116284768719,97.23792962026045,97.8,219.03456,219,0,-0.034559999999999036
22100403,2021-12-12,LAL,ORL,110.5,105.0,97.1458449841795,97.16688014529562,97.8,218.41056000000003,200,0,-18.410560000000032
22100469,2021-12-21,LAL,PHX,110.5,108.375,94.72624329633659,95.94626320010981,97.8,220.16556000000003,198,0,-22.165560000000028
22100487,2021-12-23,LAL,SAS,110.5,108.75,93.94269351278682,100.30700429804051,98.44712432265943,221.05634807172345,248,1,26.94365192827655
22100487,2021-12-23,LAL,SAS,110.5,108.75,93.94269351278682,100.30700429804051,97.8,220.36056000000002,248,1,27.63943999999998
22100491,2021-12-25,LAL,BKN,111.0,106.2,95.23775202159676,97.19044978652613,97.8,219.29456,237,1,17.70544000000001
22100538,2021-12-31,LAL,POR,111.44444444444444,106.2,96.54126340861653,97.23638345795014,98.65390915654581,220.44379423622917,245,1,24.556205763770834
22100538,2021-12-31,LAL,POR,111.44444444444444,106.2,96.54126340861653,97.23638345795014,97.8,219.52567111111114,245,1,25.474328888888863
22200234,2022-11-18,LAL,DET,114.2,100.6,97.5045117785039,95.99290432206669,97.8,218.04656,249,1,30.95344
22200234,2022-11-18,LAL,DET,114.2,100.6,97.5045117785039,95.99290432206669,98.59359907444487,218.8998377248431,249,1,30.10016227515689
22200247,2022-11-20,LAL,SAS,116.7,113.6,99.14578531251863,103.2039435447346,97.8,226.10656,215,0,-11.106560000000002
22200308,2022-11-28,LAL,IND,115.3,103.8,102.08033392406035,98.89758279371351,100.70736071349921,223.40855423915434,231,1,7.591445760845659
22200308,2022-11-28,LAL,IND,115.3,103.8,102.08033392406035,98.89758279371351,97.8,220.28256,231,1,10.71744000000001
22200324,2022-11-30,LAL,POR,115.8,104.8,102.30354820977463,100.88031498956592,102.13214835185275,225.72048590791206,237,1,11.279514092087936
22200324,2022-11-30,LAL,POR,115.8,104.8,102.30354820977463,100.88031498956592,102.62592954717229,226.25139944911965,237,1,10.748600550880354
22200413,2022-12-13,LAL,BOS,117.1,111.0,104.06151076069102,101.74994636115247,97.8,224.96256,240,1,15.037440000000004
22200437,2022-12-16,LAL,DEN,117.2,106.4,104.1824410712792,101.63569079340782,97.8,222.62256000000002,234,1,11.377439999999979
22200451,2022-12-18,LAL,WAS,119.2,111.1,104.66715259074175,103.07160763683066,97.8,226.10656,236,1,9.893439999999998
22200492,2022-12-23,LAL,CHA,122.1,113.4,106.09156903543037,104.61842206614006,103.48847133963824,234.92680438437907,264,1,29.073195615620932
22200492,2022-12-23,LAL,CHA,122.1,113.4,106.09156903543037,104.61842206614006,97.8,228.81056,264,1,35.18943999999999
22300198,2023-11-15,LAL,SAC,124.1,111.3,105.90166308468223,104.80561250546675,97.8,228.75856,235,1,6.241440000000011
22300216,2023-11-19,LAL,HOU,123.6,109.5,104.54174751744279,97.42218875993866,97.8,227.56256,209,0,-18.56255999999999
22300042,2023-11-21,LAL,UTA,120.2,113.0,104.23079176721818,104.95618405672724,97.8,227.61456,230,1,2.3854399999999885
22300238,2023-11-22,LAL,DAL,120.5,115.4,104.11810405727942,103.38343928874316,97.8,229.01856,205,0,-24.018560000000008
22300238,2023-11-22,LAL,DAL,120.5,115.4,104.11810405727942,103.38343928874316,101.61245593013572,233.11771261608195,205,0,-28.117712616081945
22300291,2023-12-02,LAL,HOU,118.3,111.8,101.70767254040454,99.66709630995577,97.8,226.00256000000002,204,0,-22.002560000000017
22300291,2023-12-02,LAL,HOU,118.3,111.8,101.70767254040454,99.66709630995577,103.30292340196516,231.91930324179293,204,0,-27.91930324179293
22301203,2023-12-05,LAL,PHX,117.5,116.9,100.40014115965141,101.90299805476839,97.8,228.23856,209,0,-19.238560000000007
22301230,2023-12-07,LAL,NOP,115.3,114.5,100.29798784845802,101.78523135490063,97.8,225.84656,222,0,-3.846560000000011
62300001,2023-12-09,LAL,IND,116.8,122.1,99.2885215619434,111.03391873278237,97.8,230.57855999999998,232,1,1.4214400000000182
22300359,2023-12-18,LAL,NYK,116.5,119.6,102.93019464660983,104.8956480932622,97.8,229.12256,223,0,-6.122559999999993
22300359,2023-12-18,LAL,NYK,116.5,119.6,102.93019464660983,104.8956480932622,105.51222727584758,237.4147467669913,223,0,-14.4147467669913
22300403,2023-12-25,LAL,BOS,115.5,119.0,103.71752178687929,104.95749971527653,97.8,228.29056000000003,241,1,12.709439999999972
22300428,2023-12-28,LAL,CHA,114.0,107.5,103.64311702497453,100.91448675014199,97.8,221.53056,245,1,23.46943999999999
22400026,2024-11-19,LAL,UTA,116.3,116.4,104.13926803536246,103.87181459416871,97.8,227.35456,242,1,14.645440000000008
22400263,2024-11-21,LAL,ORL,118.2,108.7,104.17662607481255,97.97327785716796,97.8,224.33856,237,1,12.661439999999999
22400270,2024-11-23,LAL,DEN,116.9,110.5,103.87822873470496,99.82783622185968,97.8,224.59856000000002,229,1,4.40143999999998
22400048,2024-11-29,LAL,OKC,117.0,116.3,103.5483034734251,101.45317663211745,97.90731460382204,227.78194466202945,194,0,-33.781944662029446
22400048,2024-11-29,LAL,OKC,117.0,116.3,103.5483034734251,101.45317663211745,97.8,227.66656,194,0,-33.666560000000004
22400358,2024-12-08,LAL,POR,115.6,106.0,99.16924814461562,101.210698134425,102.97581792921338,227.14759943749021,205,0,-22.147599437490214
22400358,2024-12-08,LAL,POR,115.6,106.0,99.16924814461562,101.210698134425,102.60437525953563,226.74822427905272,205,0,-21.74822427905272
22401220,2024-12-15,LAL,MEM,115.7,121.0,97.69202114344667,107.35675284541149,97.8,229.43456,226,0,-3.4345600000000047
22400404,2024-12-23,LAL,DET,114.0,115.7,95.1949475232036,102.69439291037445,97.8,225.79456,231,1,5.20544000000001
22400404,2024-12-23,LAL,DET,114.0,115.7,95.1949475232036,102.69439291037445,99.42149711800552,227.53799370127953,231,1,3.4620062987204676
22400435,2024-12-28,LAL,SAC,113.1,112.2,95.7096394212637,102.53827090359674,97.8,223.50656,254,1,30.493439999999993
22400454,2024-12-31,LAL,CLE,115.4,116.8,97.82571084983512,101.4076824923879,97.8,227.09456,232,1,4.905439999999999
22500059,2025-11-25,LAL,LAC,115.6,109.4,99.55010449192439,100.00677496908152,97.8,223.35056000000003,253,1,29.64943999999997
22500078,2025-11-28,LAL,DAL,116.7,116.4,101.46935455157427,97.90872548095058,97.8,227.56256000000002,248,1,20.43743999999998
22500308,2025-11-30,LAL,NOP,117.8,106.0,103.43974270683636,104.45261241842714,97.8,222.72656,254,1,31.273439999999994
22500317,2025-12-01,LAL,PHX,120.9,114.9,104.44220022511338,99.42234347058324,97.8,228.96656000000002,233,1,4.033439999999985
22501204,2025-12-10,LAL,SAS,122.4,115.4,106.27296323309048,104.4227295377017,97.8,230.00656000000004,251,1,20.993439999999964
22100205,2021-11-15,MEM,HOU,110.5,106.2,97.8,97.8,97.8,219.03456,238,1,18.96544
22100226,2021-11-18,MEM,LAC,110.5,106.2,97.8,97.8,97.8,219.03456,228,1,8.965440000000001
22100272,2021-11-24,MEM,TOR,110.5,106.2,97.8,97.8,100.31367647526346,221.7372649462033,239,1,17.26273505379669
22100272,2021-11-24,MEM,TOR,110.5,106.2,97.8,97.8,97.8,219.03456,239,1,19.96544
22100285,2021-11-26,MEM,ATL,110.5,106.2,97.8,97.8,97.8,219.03456,232,1,12.965440000000001
22100285,2021-11-26,MEM,ATL,110.5,106.2,97.8,97.8,95.91871462437666,217.0118019641298,232,1,14.988198035870198
22100303,2021-11-28,MEM,SAC,110.5,106.2,97.8,97.8,97.8,219.03456,229,1,9.965440000000001
22100330,2021-12-02,MEM,OKC,110.5,106.2,102.29040301796684,92.00200386924233,97.8,219.03456,231,1,11.965440000000001
22100373,2021-12-08,MEM,DAL,110.5,106.2,99.76802037670315,93.68136425785916,97.8,219.03456,200,0,-19.03456
22100373,2021-12-08,MEM,DAL,110.5,106.2,99.76802037670315,93.68136425785916,95.96661023365839,217.0632993232295,200,0,-17.0632993232295
22100380,2021-12-09,MEM,LAL,110.5,106.2,98.86362152393205,98.23398271490451,97.8,219.03456,203,0,-16.03456
22100395,2021-12-11,MEM,HOU,119.125,106.2,97.62987614640814,99.12603587698902,97.8,223.51956,219,0,-4.519560000000013
22100409,2021-12-13,MEM,PHI,118.44444444444444,102.11111111111111,97.25786541743035,92.34072609495313,97.8,221.0394488888889,217,0,-4.039448888888899
22100450,2021-12-19,MEM,POR,119.2,106.2,95.68631750604719,98.08267031182686,97.8,223.55856,205,0,-18.55856
22100460,2021-12-20,MEM,OKC,115.6,106.2,94.58271162163112,95.09380288513604,97.8,221.68656,201,0,-20.686559999999986
22100520,2021-12-29,MEM,LAL,113.5,111.4,95.24929184293124,97.69453721814034,97.8,223.29856,203,0,-20.29856000000001
22100535,2021-12-31,MEM,SAS,112.6,112.0,95.46804184293124,103.38965181800033,97.8,223.14256,223,0,-0.14256000000000313
22100535,2021-12-31,MEM,SAS,112.6,112.0,95.46804184293124,103.38965181800033,98.57164638080242,223.97223418863877,223,0,-0.9722341886387653
22200229,2022-11-18,MEM,OKC,114.4,102.5,96.77092284532961,95.28524991960012,99.13994702626538,220.57927104264053,231,1,10.420728957359472
22200229,2022-11-18,MEM,OKC,114.4,102.5,96.77092284532961,95.28524991960012,97.8,219.13855999999998,231,1,11.861440000000016
22200257,2022-11-22,MEM,SAC,113.7,113.0,98.00982338002218,101.10002611241721,97.8,224.23456,222,0,-2.2345599999999877
22200279,2022-11-25,MEM,NOP,109.4,110.2,98.23303766573649,97.73263013320424,102.3696049363232,225.45579922753473,243,1,17.544200772465274
22200279,2022-11-25,MEM,NOP,109.4,110.2,98.23303766573649,97.73263013320424,97.8,220.54256,243,1,22.45743999999999
22200332,2022-12-02,MEM,PHI,113.0,107.1,100.82800761669968,95.07290725714059,102.02932111465678,225.34992606247897,226,1,0.6500739375210287
22200332,2022-12-02,MEM,PHI,113.0,107.1,100.82800761669968,95.07290725714059,101.94747340241688,225.26192340227863,226,1,0.7380765977213741
22200357,2022-12-05,MEM,MIA,113.9,107.0,101.34745164949953,96.09791040697557,97.8,221.21856,194,0,-27.218559999999997
22200368,2022-12-07,MEM,OKC,112.7,110.4,100.27088575343157,101.44887363674165,101.27132700163725,226.09493079216037,225,0,-1.094930792160369
22200368,2022-12-07,MEM,OKC,112.7,110.4,100.27088575343157,101.44887363674165,97.8,222.36256000000003,225,1,2.6374399999999696
22200383,2022-12-09,MEM,DET,112.4,111.3,101.08933813438394,100.2657445476413,97.8,222.67456,217,0,-5.674560000000014
22200404,2022-12-12,MEM,ATL,113.8,107.8,100.86518989768341,99.50465420850004,97.8,221.58256,231,1,9.41744
22200425,2022-12-15,MEM,MIL,116.7,110.0,101.45795812530639,100.13149221237306,97.8,224.23456,243,1,18.765440000000012
22200510,2022-12-27,MEM,PHX,120.5,118.1,98.93018547155661,101.45114179131122,97.8,230.42255999999998,233,1,2.577440000000024
22200510,2022-12-27,MEM,PHX,120.5,118.1,98.93018547155661,101.45114179131122,103.51392256093793,236.56616953752047,233,0,-3.566169537520466
22200543,2022-12-31,MEM,NOP,119.5,116.3,99.75061518142856,103.0194488728247,97.8,228.96656000000002,217,0,-11.966560000000015
22300213,2023-11-19,MEM,BOS,119.0,111.5,100.369173047613,99.89932032789999,97.8,226.21056000000002,202,0,-24.210560000000015
22300213,2023-11-19,MEM,BOS,119.0,111.5,100.369173047613,99.89932032789999,102.80043413310268,231.58702677991204,202,0,-29.587026779912037
22300044,2023-11-24,MEM,PHX,118.1,117.6,98.95314769395691,103.8207168825623,97.8,228.91456,199,0,-29.914559999999994
22300249,2023-11-26,MEM,MIN,113.8,111.7,97.72838974098319,101.4150371482557,100.91203220294003,226.95661702460114,216,0,-10.956617024601144
22300249,2023-11-26,MEM,MIN,113.8,111.7,97.72838974098319,101.4150371482557,97.8,223.61056000000002,216,0,-7.610560000000021
22300261,2023-11-29,MEM,UTA,111.8,110.2,96.79505880517826,104.53278940886698,97.8,221.79056000000003,196,0,-25.790560000000028
22301221,2023-12-08,MEM,MIN,112.2,112.9,95.45577309089254,99.26407165737004,100.87147864842764,226.7050138427894,230,1,3.2949861572105874
22301221,2023-12-08,MEM,MIN,112.2,112.9,95.45577309089254,99.26407165737004,97.8,223.40256,230,1,6.597440000000006
22300299,2023-12-11,MEM,DAL,110.2,111.9,95.30789751806925,104.31218209496858,97.8,221.84256,233,1,11.157440000000008
22300332,2023-12-15,MEM,HOU,110.1,111.9,95.68534780489739,96.67909258097238,97.8,221.79056000000003,199,0,-22.790560000000028
22300377,2023-12-21,MEM,IND,106.9,125.2,95.9789886584863,110.6350683589726,97.8,227.04256,219,0,-8.042560000000009
22300449,2023-12-31,MEM,SAC,104.3,115.5,99.78318825406835,105.24859837596385,97.8,220.64656000000002,215,0,-5.646560000000022
22400238,2024-11-17,MEM,DEN,102.7,112.5,100.11427387869476,100.68281625114794,97.8,218.25456000000003,195,0,-23.254560000000026
22400023,2024-11-19,MEM,DEN,101.6,110.2,98.81541989726816,98.67835196543365,97.8,216.48656,232,1,15.513440000000003
22400255,2024-11-20,MEM,PHI,102.6,113.7,99.26075885921277,98.45240585774057,97.8,218.82656,228,1,9.17344
22400282,2024-11-25,MEM,POR,105.4,106.2,101.93677905808731,101.19242121122306,97.8,216.38256,221,1,4.617439999999988
22400293,2024-11-27,MEM,DET,108.0,110.2,101.7123476991784,101.55938328678555,97.8,219.81456000000003,242,1,22.18543999999997
22400293,2024-11-27,MEM,DET,108.0,110.2,101.7123476991784,101.55938328678555,101.59941763009327,223.8996938358763,242,1,18.100306164123708
22400042,2024-11-29,MEM,NOP,110.6,115.8,102.56800246108315,97.07968598448439,97.8,224.07855999999998,229,1,4.921440000000018
22400306,2024-12-01,MEM,IND,112.3,118.4,101.93663609311547,105.56171295102673,101.91234639715138,230.73615484621718,257,1,26.263845153782825
22400306,2024-12-01,MEM,IND,112.3,118.4,101.93663609311547,105.56171295102673,97.8,226.31456000000003,257,1,30.68543999999997
22400329,2024-12-05,MEM,SAC,114.6,111.1,103.48469790418814,100.42911201140726,97.8,223.71456,225,1,1.2854399999999941
22401211,2024-12-13,MEM,BKN,116.5,111.9,105.20114415842205,99.86571323601623,97.8,225.11856,254,1,28.881439999999998
22400366,2024-12-19,MEM,GSW,118.4,107.6,107.09742578822879,97.15819651920214,97.8,223.87056,237,1,13.129439999999988
22400399,2024-12-23,MEM,LAC,123.6,108.4,106.70541026051212,98.42617463637832,99.51885527580437,228.8386731925449,224,0,-4.8386731925448885
22400399,2024-12-23,MEM,LAC,123.6,108.4,106.70541026051212,98.42617463637832,97.8,226.99056000000002,224,0,-2.9905600000000163
22500265,2025-11-20,MEM,SAC,128.6,112.4,105.18063535210518,101.77185060359842,97.8,231.67056000000002,233,1,1.3294399999999769
22500287,2025-11-24,MEM,DEN,130.6,123.2,102.35091952225861,106.80749546264137,97.8,238.32656000000003,240,1,1.673439999999971
22500347,2025-12-05,MEM,LAC,129.8,112.1,101.62847705608199,102.55176203172896,97.8,232.13856,205,0,-27.138560000000012
22500347,2025-12-05,MEM,LAC,129.8,112.1,101.62847705608199,102.55176203172896,104.7338467607956,239.59383203720745,205,0,-34.59383203720745
22500360,2025-12-07,MEM,POR,127.4,113.7,99.69130705209714,104.26183175923607,97.8,231.72256000000004,215,0,-16.722560000000044
22501213,2025-12-12,MEM,UTA,127.3,114.6,98.9494282217611,109.2313196055948,97.8,232.13855999999998,256,1,23.861440000000016
22500391,2025-12-20,MEM,WAS,126.3,104.0,101.16291418477381,104.21878306764906,97.8,226.10656,252,1,25.89344
22100217,2021-11-17,MIA,NOP,110.5,106.2,97.8,97.8,97.8,219.03456,211,0,-8.034559999999999
22100225,2021-11-18,MIA,WAS,110.5,106.2,97.8,97.8,97.8,219.03456,209,0,-10.034559999999999
22100306,2021-11-29,MIA,DEN,110.5,106.2,97.8,97.8,97.10588889538643,218.2882517403195,231,1,12.71174825968049
22100306,2021-11-29,MIA,DEN,110.5,106.2,97.8,97.8,97.8,219.03456,231,1,11.965440000000001
22100323,2021-12-01,MIA,CLE,110.5,106.2,93.46867900422377,97.8,97.8,219.03456,196,0,-23.03456
22100356,2021-12-06,MIA,MEM,110.5,106.2,93.91957438384458,100.94482241437348,97.8,219.03456,195,0,-24.03456
22100356,2021-12-06,MIA,MEM,110.5,106.2,93.91957438384458,100.94482241437348,96.34422203878893,217.46930753610587,195,0,-22.469307536105873
22100370,2021-12-08,MIA,MIL,110.5,106.2,93.4262765185242,97.20490414659399,97.8,219.03456,217,0,-2.034559999999999
22100394,2021-12-11,MIA,CHI,110.5,112.5,94.16585985185753,97.4725945459435,97.8,222.31056,210,0,-12.31056000000001
22100465,2021-12-21,MIA,IND,110.5,106.2,93.69715718237502,96.21592741762741,97.8,219.03456,221,1,1.965440000000001
22100479,2021-12-23,MIA,DET,108.375,98.375,94.10358151989244,94.6061597140254,97.8,213.86056000000002,227,1,13.13943999999998
22100509,2021-12-28,MIA,WAS,107.5,108.1,93.95477199608293,97.58691156267368,97.8,218.46256,231,1,12.537440000000004
22200265,2022-11-23,MIA,WAS,108.1,107.3,94.5082781126739,97.73985925296,101.12011648710327,221.92834924693344,218,0,-3.9283492469334362
22200265,2022-11-23,MIA,WAS,108.1,107.3,94.5082781126739,97.73985925296,97.8,218.35856,218,0,-0.3585600000000113
22200277,2022-11-25,MIA,WAS,108.2,107.9,95.25141188070394,97.6287152102807,97.8,218.72256000000002,217,0,-1.7225600000000156
22200361,2022-12-06,MIA,DET,108.1,110.3,96.09791040697557,101.7109826017135,97.8,219.91856,212,0,-7.918560000000014
22200374,2022-12-08,MIA,LAC,109.2,107.5,95.35510805590961,98.42630410813518,97.8,219.03456,225,1,5.965440000000001
22200387,2022-12-10,MIA,SAS,111.7,112.3,95.2046004981147,100.97767668438316,97.8,222.83056000000002,226,1,3.1694399999999803
22200462,2022-12-20,MIA,CHI,111.5,114.2,96.50796139372382,102.3051789064313,97.8,223.71456,216,0,-7.714560000000006
22200486,2022-12-23,MIA,IND,110.0,110.4,96.5042565923012,103.5481573080716,103.80091508462662,227.41074389899057,219,0,-8.410743898990575
22200486,2022-12-23,MIA,IND,110.0,110.4,96.5042565923012,103.5481573080716,103.91194563424585,227.53012394594117,219,0,-8.53012394594117
22200500,2022-12-26,MIA,MIN,108.3,111.9,97.12787232967759,102.207759812505,97.8,220.85456,223,1,2.145440000000008
22200518,2022-12-28,MIA,LAL,108.1,119.2,95.97210798419043,105.75736765730623,97.8,224.54656,210,0,-14.54656
22300200,2023-11-16,MIA,BKN,110.0,118.2,98.91902787044086,103.56288235771227,97.8,225.01456000000002,237,1,11.985439999999983
22300056,2023-11-28,MIA,MIL,110.3,118.2,98.53633797895797,105.10458785530233,100.82407132977671,228.42204149377594,255,1,26.577958506224064
22300056,2023-11-28,MIA,MIL,110.3,118.2,98.53633797895797,105.10458785530233,97.8,225.17056000000002,255,1,29.829439999999977
22301220,2023-12-08,MIA,CLE,117.9,105.7,102.79496768607093,96.86689775902441,97.8,222.62256000000002,210,0,-12.622560000000021
22300312,2023-12-13,MIA,CHA,116.3,113.4,100.86044387654711,102.61542742925552,97.8,225.79456,219,0,-6.79455999999999
22300312,2023-12-13,MIA,CHA,116.3,113.4,100.86044387654711,102.61542742925552,107.3693567385113,236.08353236524735,219,0,-17.08353236524735
22300320,2023-12-14,MIA,CHI,116.7,113.3,100.22738593345287,99.01776572707193,97.8,225.95056,240,1,14.049440000000004
22300337,2023-12-16,MIA,CHI,118.0,113.1,101.7526835525005,100.54306334611954,97.8,226.52256,234,1,7.477440000000001
22300353,2023-12-18,MIA,MIN,119.0,117.3,102.31398809523809,98.07776207672255,104.58119473290307,236.5177005768174,220,0,-16.51770057681739
22300353,2023-12-18,MIA,MIN,119.0,117.3,102.31398809523809,98.07776207672255,97.8,229.22656,220,0,-9.226560000000006
22300384,2023-12-22,MIA,ATL,118.5,122.2,103.0522763498705,108.73838529252738,97.8,231.51456000000002,235,1,3.4854399999999828
22300404,2023-12-25,MIA,PHI,119.5,121.6,104.01953825463238,104.7595711762109,97.8,231.72256,232,1,0.2774400000000128
22400245,2024-11-18,MIA,PHI,119.2,116.2,101.8594447427576,100.34650826857938,97.8,228.75856,195,0,-33.75855999999999
22400273,2024-11-24,MIA,DAL,117.4,119.0,100.63623045704333,103.93708967459946,97.8,229.27856,241,1,11.721440000000001
22400036,2024-11-26,MIA,MIL,115.5,126.1,100.6088551201161,106.23171387319111,97.8,231.98255999999998,209,0,-22.982559999999978
22400046,2024-11-29,MIA,TOR,112.9,118.4,98.11609012708959,101.84009772640447,97.35690823694304,226.1501477363612,232,1,5.849852263638809
22400046,2024-11-29,MIA,TOR,112.9,118.4,98.11609012708959,101.84009772640447,97.8,226.62656000000004,232,1,5.37343999999996
22400321,2024-12-04,MIA,LAL,115.1,108.3,97.66779365368852,98.57549614748773,97.8,222.51856,227,1,4.481439999999992
22400346,2024-12-07,MIA,PHX,117.0,109.6,97.48100345643807,102.36503785614663,97.8,224.18256,232,1,7.817440000000005
22400351,2024-12-08,MIA,CLE,117.5,109.1,98.18211377608459,103.73071552684858,102.03938302852417,228.74074463226918,235,1,6.259255367730816
22400351,2024-12-08,MIA,CLE,117.5,109.1,98.18211377608459,103.73071552684858,102.04214939018658,228.7437190243286,235,1,6.2562809756713875
22401206,2024-12-12,MIA,TOR,117.9,117.9,98.51554590412253,101.24426622096075,97.8,228.96656000000002,218,0,-10.966560000000015
22400375,2024-12-20,MIA,OKC,118.5,110.1,97.65468285511866,96.70825407021782,97.8,225.22256,201,0,-24.222559999999987
22400396,2024-12-23,MIA,BKN,116.0,111.7,98.45292888341868,98.98363180495029,99.76605669872595,226.86846416247016,205,0,-21.86846416247016
22400396,2024-12-23,MIA,BKN,116.0,111.7,98.45292888341868,98.98363180495029,97.8,224.75456000000003,205,0,-19.754560000000026
22500244,2025-11-17,MIA,NYK,115.1,117.8,97.04359684516403,99.62460795057153,97.8,227.45856,228,1,0.5414399999999944
22500257,2025-11-19,MIA,GSW,116.0,105.1,98.13101031712414,98.69918335222418,97.8,221.32256,206,0,-15.32256000000001
22500286,2025-11-24,MIA,DAL,114.7,116.8,98.35268361681953,98.06185727308652,97.8,226.73056000000003,208,0,-18.730560000000025
22500286,2025-11-24,MIA,DAL,114.7,116.8,98.35268361681953,98.06185727308652,102.65772154414564,231.95358220426542,208,0,-23.953582204265416
22500062,2025-11-26,MIA,MIL,115.0,110.8,98.04768558454877,97.90472672604197,97.8,223.76656,209,0,-14.766559999999998
22500354,2025-12-06,MIA,SAC,115.5,113.0,101.71297384255182,101.10842881934735,97.8,225.17056000000002,238,1,12.829439999999977
22501227,2025-12-15,MIA,TOR,114.4,111.1,102.79308815815254,99.17987716534891,97.8,223.61056000000002,202,0,-21.61056000000002
22500414,2025-12-23,MIA,TOR,112.6,107.5,101.90258268579397,95.67550015520875,105.62101347965765,229.2117136933279,203,0,-26.21171369332791
22500414,2025-12-23,MIA,TOR,112.6,107.5,101.90258268579397,95.67550015520875,97.8,220.80256,203,0,-17.80256
22100219,2021-11-17,MIL,LAL,110.5,106.2,97.8,97.8,91.16173054481895,211.89709268178933,211,0,-0.8970926817893314
22100219,2021-11-17,MIL,LAL,110.5,106.2,97.8,97.8,91.48621792178781,212.24598150950627,211,0,-1.2459815095062652
22100234,2021-11-19,MIL,OKC,110.5,106.2,97.8,97.8,96.74163920469854,217.8966104728919,185,0,-32.89661047289189
22100234,2021-11-19,MIL,OKC,110.5,106.2,97.8,97.8,97.8,219.03456,185,0,-34.03456
22100244,2021-11-20,MIL,ORL,110.5,106.2,97.8,97.8,97.8,219.03456,225,1,5.965440000000001
22100258,2021-11-22,MIL,ORL,110.5,106.2,97.8,97.8,97.8,219.03456,215,0,-4.034559999999999
22100273,2021-11-24,MIL,DET,110.5,106.2,97.8,97.8,97.8,219.03456,207,0,-12.034559999999999
22100324,2021-12-01,MIL,CHA,110.5,106.2,97.8,102.14531378272936,97.8,219.03456,252,1,32.96544
22100324,2021-12-01,MIL,CHA,110.5,106.2,97.8,102.14531378272936,99.14590698504776,220.48167919032335,252,1,31.518320809676652
22100344,2021-12-04,MIL,MIA,110.5,106.2,96.92584839941676,93.22224610794333,97.8,219.03456,226,1,6.965440000000001
22100358,2021-12-06,MIL,CLE,110.5,106.2,97.32254927376081,93.95369860091816,97.8,219.03456,216,0,-3.034559999999999
22100421,2021-12-15,MIL,IND,115.25,106.2,98.36591199155954,94.4460533522988,97.7775504121682,221.48042220316324,213,0,-8.480422203163243
22100421,2021-12-15,MIL,IND,115.25,106.2,98.36591199155954,94.4460533522988,97.54006548972824,221.2250784145558,213,0,-8.22507841455581
22100446,2021-12-18,MIL,CLE,115.11111111111111,106.2,98.29875156430099,95.0698056410536,97.8,221.43233777777778,209,0,-12.432337777777775
22100473,2021-12-22,MIL,HOU,112.6,105.5,97.47939675813404,101.18812483213799,97.8,219.76256,232,1,12.237439999999992
22100489,2021-12-25,MIL,BOS,114.3,108.0,95.99746383973847,98.44839072106906,97.8,221.94656,230,1,8.053439999999995
22200216,2022-11-16,MIL,CLE,116.4,108.4,99.0769380049232,96.79851884443792,97.8,223.24656000000002,211,0,-12.246560000000017
22200251,2022-11-21,MIL,POR,116.0,106.2,97.92409241773959,99.80062587721336,97.8,221.89456,230,1,8.105439999999987
22200267,2022-11-23,MIL,CHI,115.6,111.2,98.73760506346177,100.60033219719423,97.8,224.28656,231,1,6.713439999999991
22200280,2022-11-25,MIL,CLE,115.5,108.3,99.18278836690867,95.94319685232647,100.5599066049338,225.6940115816248,219,0,-6.694011581624807
22200280,2022-11-25,MIL,CLE,115.5,108.3,99.18278836690867,95.94319685232647,97.8,222.72656,219,0,-3.7265600000000063
22200298,2022-11-27,MIL,DAL,114.5,107.1,99.44009186362115,95.51645375475186,97.8,221.58256,239,1,17.41744
22200298,2022-11-27,MIL,DAL,114.5,107.1,99.44009186362115,95.51645375475186,102.63905858980685,226.78551579576032,239,1,12.214484204239682
22200331,2022-12-02,MIL,LAL,114.5,110.4,100.70737930821383,103.82407022611254,101.87381046140095,227.6787210080983,262,1,34.32127899190169
22200331,2022-12-02,MIL,LAL,114.5,110.4,100.70737930821383,103.82407022611254,97.8,223.29856,262,1,38.70143999999999
22200369,2022-12-07,MIL,SAC,116.2,109.6,101.09907649169668,102.48067139778993,97.8,223.76656,239,1,15.233440000000002
22200410,2022-12-13,MIL,GSW,117.4,113.4,99.16002752817302,103.16901001815508,97.8,226.36656000000002,239,1,12.633439999999979
22200442,2022-12-17,MIL,UTA,121.2,117.9,100.57761205034974,104.54400474209507,97.8,230.68256000000002,220,0,-10.682560000000024
22200533,2022-12-30,MIL,MIN,120.9,112.0,100.9910935484014,101.9966246262129,105.98320215219113,236.2571389540359,237,1,0.742861045964105
22200533,2022-12-30,MIL,MIN,120.9,112.0,100.9910935484014,101.9966246262129,97.8,227.45856,237,1,9.541439999999994
22300205,2023-11-18,MIL,DAL,121.5,115.4,102.45697637229874,100.85767469420243,97.8,229.53856000000002,257,1,27.461439999999982
22300049,2023-11-24,MIL,WAS,123.4,114.3,105.1165112962268,102.26904630438692,97.8,229.95456000000001,259,1,29.045439999999985
22300245,2023-11-26,MIL,POR,124.6,111.5,106.48107595054041,98.83938528640203,97.8,229.12256,210,0,-19.122559999999993
22300286,2023-12-02,MIL,ATL,124.1,115.2,106.14695645368506,107.24359659275429,102.71040126055786,236.06622343535182,253,1,16.933776564648184
22300286,2023-12-02,MIL,ATL,124.1,115.2,106.14695645368506,107.24359659275429,102.81015734332082,236.17348117553854,253,1,16.82651882446146
22301201,2023-12-05,MIL,NYK,125.6,114.4,106.07720077836332,98.25009317611801,97.8,231.15056,268,1,36.84943999999999
22301229,2023-12-07,MIL,IND,127.8,119.3,107.8142137653763,109.47682156819037,97.8,234.84256,247,1,12.157440000000008
22300300,2023-12-11,MIL,CHI,126.8,112.6,108.14934651094315,96.81376139806758,106.83103688412048,240.54873085780633,262,1,21.451269142193667
22300300,2023-12-11,MIL,CHI,126.8,112.6,108.14934651094315,96.81376139806758,97.8,230.83856,262,1,31.16144
22300315,2023-12-13,MIL,IND,127.5,123.4,108.11875383252891,110.63800520208083,97.8,236.81856000000002,266,1,29.18143999999998
22300334,2023-12-16,MIL,DET,128.7,105.3,109.28791902947188,103.12764619446104,97.8,228.03056,260,1,31.96943999999999
22300346,2023-12-17,MIL,HOU,131.0,108.9,109.31024045804331,96.4814515008941,97.8,231.09856000000002,247,1,15.90143999999998
22300361,2023-12-19,MIL,SAS,131.5,109.7,108.87776663864003,102.90785874095603,97.8,231.77456,251,1,19.225439999999992
22300378,2023-12-21,MIL,ORL,131.5,108.9,109.43425868566631,102.62893860255953,101.99092824858896,235.86464605288285,232,0,-3.864646052882847
22300378,2023-12-21,MIL,ORL,131.5,108.9,109.43425868566631,102.62893860255953,97.8,231.35856,232,1,0.6414399999999887
22400248,2024-11-18,MIL,HOU,130.2,116.7,109.33216080854277,104.54357373726045,97.8,234.73856,201,0,-33.73856000000001
22400253,2024-11-20,MIL,CHI,129.5,116.0,107.62085128473325,101.47207688067499,97.8,234.01056000000003,228,0,-6.0105600000000265
22400029,2024-11-22,MIL,IND,128.5,117.6,107.20686779243026,106.99840084213339,97.8,234.32256,246,1,11.67743999999999
22400268,2024-11-23,MIL,CHA,126.8,110.9,106.69968558070258,101.89315424158883,97.8,229.95456000000001,244,1,14.045439999999985
22400302,2024-11-30,MIL,WAS,127.4,112.4,104.8886846043298,103.3928709103236,97.8,231.04656,238,1,6.9534400000000005
22400323,2024-12-04,MIL,ATL,126.5,117.0,104.5192940715494,104.72945790952885,97.8,232.97056000000003,223,0,-9.970560000000035
22401201,2024-12-10,MIL,ORL,122.9,105.2,101.555948069552,96.06608503389599,97.8,224.96256,223,0,-1.9625599999999963
22400382,2024-12-21,MIL,WAS,119.7,110.7,100.44414759513906,100.7139519951473,97.56170711350711,225.90234748844284,213,0,-12.902347488442842
22400382,2024-12-21,MIL,WAS,119.7,110.7,100.44414759513906,100.7139519951473,97.8,226.15856000000002,213,0,-13.158560000000023
22400415,2024-12-26,MIL,BKN,118.1,110.4,97.72754388631091,98.76041751923604,97.8,225.17056000000002,216,0,-9.170560000000023
22500231,2025-11-15,MIL,LAL,115.4,104.7,97.50355130810807,98.78615726906672,97.8,220.80256000000003,214,0,-6.802560000000028
22500266,2025-11-20,MIL,PHI,113.1,110.6,97.36511406568737,98.30743514930803,97.8,222.67456,237,1,14.325439999999986
22500272,2025-11-22,MIL,DET,114.4,118.5,96.79219798153666,105.85065582617045,97.8,227.45856,245,1,17.541439999999994
22500288,2025-11-24,MIL,POR,113.8,108.1,97.64878669442766,105.43951633720798,97.8,221.73856,218,0,-3.7385600000000068
22500297,2025-11-29,MIL,BKN,111.2,110.7,98.35075513740652,94.41577553982033,97.8,221.73856,215,0,-6.738560000000007
22500331,2025-12-03,MIL,DET,110.3,120.7,100.35506820831797,105.40377104194143,97.8,226.47056000000003,222,0,-4.4705600000000345
22500348,2025-12-05,MIL,PHI,109.2,114.4,100.54466025852719,100.80855293355285,97.8,222.62256000000002,217,0,-5.622560000000021
22500348,2025-12-05,MIL,PHI,109.2,114.4,100.54466025852719,100.80855293355285,102.73528146490257,227.92897463106326,217,0,-10.928974631063255
22501206,2025-12-11,MIL,BOS,108.9,120.0,100.18005389856144,103.11447668555269,97.8,225.37856,217,0,-8.378559999999993
22500374,2025-12-18,MIL,TOR,109.1,109.8,99.83307900902058,98.0266033558251,97.8,220.17856,216,0,-4.1785600000000045
22100206,2021-11-15,MIN,PHX,110.5,106.2,97.8,97.8,97.8,219.03456,195,0,-24.03456
22100220,2021-11-17,MIN,SAC,110.5,106.2,97.8,97.8,97.8,219.03456,204,0,-15.034559999999999
22100227,2021-11-18,MIN,SAS,110.5,106.2,97.8,97.8,97.8,219.03456,205,0,-14.034559999999999
22100245,2021-11-20,MIN,MEM,110.5,106.2,97.8,97.8,97.8,219.03456,233,1,13.965440000000001
22100274,2021-11-24,MIN,MIA,110.5,106.2,97.8,97.8,100.183525364638,221.5973264720588,214,0,-7.597326472058796
22100274,2021-11-24,MIN,MIA,110.5,106.2,97.8,97.8,97.8,219.03456,214,0,-5.034559999999999
22100309,2021-11-29,MIN,IND,110.5,106.2,95.26020477863386,93.79122473489153,97.8,219.03456,198,0,-21.03456
22100359,2021-12-06,MIN,ATL,110.5,106.2,95.16227526846923,99.24330204314512,97.8,219.03456,231,1,11.965440000000001
22100359,2021-12-06,MIN,ATL,110.5,106.2,95.16227526846923,99.24330204314512,96.06853356146664,217.17288728528894,231,1,13.827112714711063
22100374,2021-12-08,MIN,UTA,110.5,106.2,95.82583566276345,100.46656089509189,97.87548315379145,219.11571948695658,240,1,20.88428051304342
22100374,2021-12-08,MIN,UTA,110.5,106.2,95.82583566276345,100.46656089509189,96.54465949207982,217.68481788588423,240,1,22.31518211411577
22100387,2021-12-10,MIN,CLE,110.375,106.2,97.45843179745164,93.99801276415182,97.8,218.96956,229,1,10.030439999999999
22100436,2021-12-17,MIN,LAL,109.88888888888889,110.0,98.93064653079892,95.35266347021526,97.8,220.6927822222222,202,0,-18.692782222222206
22100455,2021-12-19,MIN,DAL,109.9,105.5,98.78245447389317,92.71353382669757,97.8,218.35856,216,0,-2.3585600000000113
22100503,2021-12-27,MIN,BOS,111.4,108.5,99.29844742220747,99.30918221339822,97.8,220.69856,211,0,-9.698559999999986
22100512,2021-12-28,MIN,NYK,111.5,105.625,99.78207837458842,96.1073793002244,97.8,219.25556,184,0,-35.25556
22200252,2022-11-21,MIN,MIA,108.8,103.2,98.60402609606315,94.21579579547925,97.8,216.59056,206,0,-10.59056000000001
22200252,2022-11-21,MIN,MIA,108.8,103.2,98.60402609606315,94.21579579547925,100.69643386406302,219.70480569064057,206,0,-13.704805690640569
22200291,2022-11-27,MIN,GSW,105.5,105.2,96.96028656974863,99.74942332724856,97.8,215.91456,251,1,35.085440000000006
22200317,2022-11-30,MIN,MEM,105.6,112.8,100.43441785840362,100.49318618812826,97.8,219.91856,210,0,-9.918560000000014
22200317,2022-11-30,MIN,MEM,105.6,112.8,100.43441785840362,100.49318618812826,101.34392397752168,223.7289870606313,210,0,-13.728987060631312
22200370,2022-12-07,MIN,IND,108.3,108.6,100.75482143477193,101.56724017536438,97.8,219.13855999999998,236,1,16.861440000000016
22200370,2022-12-07,MIN,IND,108.3,108.6,100.75482143477193,101.56724017536438,101.13976809705724,222.72947865795595,236,1,13.270521342044049
22200456,2022-12-19,MIN,DAL,114.4,110.9,104.90898853030683,101.66134993163469,97.8,223.50656000000004,222,0,-1.5065600000000359
22200473,2022-12-21,MIN,DAL,115.0,112.1,105.0235286409569,100.95743766133238,97.8,224.44256000000001,203,0,-21.442560000000014
22200544,2022-12-31,MIN,DET,113.8,111.1,102.07071807112226,103.63053737210993,97.8,223.29856,220,0,-3.298560000000009
22300221,2023-11-20,MIN,NYK,113.4,117.4,101.9214454471349,99.28847680484337,97.8,226.36656000000002,217,0,-9.366560000000021
22300232,2023-11-22,MIN,PHI,116.3,115.8,102.66102878046824,99.64700767670809,101.98421230674508,231.5414250722123,211,0,-20.54142507221229
22300232,2023-11-22,MIN,PHI,116.3,115.8,102.66102878046824,99.64700767670809,97.8,227.04255999999998,211,0,-16.04255999999998
22300050,2023-11-24,MIN,SAC,117.0,114.2,102.21923121081797,106.74042717181584,97.8,226.57456000000002,235,1,8.42543999999998
22300050,2023-11-24,MIN,SAC,117.0,114.2,102.21923121081797,106.74042717181584,98.92120535979439,227.78008000285092,235,1,7.219919997149077
22300058,2023-11-28,MIN,OKC,116.7,118.0,101.25971451120596,102.07160375076063,97.8,228.39456,209,0,-19.394560000000013
22300270,2023-11-30,MIN,UTA,116.4,108.1,101.48292879692025,103.04915845648604,97.8,223.09056,191,0,-32.09056000000001
22301210,2023-12-06,MIN,SAS,113.7,112.4,100.78459367370795,106.05866009932122,97.8,223.92256,196,0,-27.922560000000004
22300338,2023-12-16,MIN,IND,111.8,125.4,98.22703857602521,111.14395758303321,97.8,229.69456000000002,236,1,6.305439999999976
22300380,2023-12-21,MIN,LAL,109.5,116.5,99.33505451586875,103.45554853523555,97.8,223.87056,229,1,5.129439999999988
22300423,2023-12-28,MIN,DAL,109.7,115.1,99.70738189175738,105.58452883524956,97.8,223.24656,228,1,4.753440000000012
22300443,2023-12-30,MIN,LAL,111.6,116.8,100.8561914155669,105.13666031048956,97.8,225.11856,214,0,-11.118560000000002
22400234,2024-11-17,MIN,PHX,112.0,112.6,101.25129203743148,102.33469809020329,101.04585601250344,226.63250438464368,237,1,10.367495615356319
22400234,2024-11-17,MIN,PHX,112.0,112.6,101.25129203743148,102.33469809020329,97.8,223.14256,237,1,13.857439999999997
22400037,2024-11-26,MIN,HOU,112.3,115.1,100.79741898531996,102.47466763830113,97.8,224.59856000000002,228,1,3.4014399999999796
22400294,2024-11-27,MIN,SAC,112.2,111.2,99.69196063613776,100.90048253057,97.8,222.51856,219,0,-3.518560000000008
22400294,2024-11-27,MIN,SAC,112.2,111.2,99.69196063613776,100.90048253057,102.0884571128286,227.12950908771333,219,0,-8.12950908771333
22400318,2024-12-02,MIN,LAL,110.2,111.1,98.05936450144956,100.35674614748773,97.8,221.42656,189,0,-32.426559999999995
22401210,2024-12-13,MIN,LAL,111.0,106.8,94.79184510523817,97.84835723160093,97.8,219.60656,184,0,-35.60656
22400367,2024-12-19,MIN,NYK,110.5,116.9,92.93319225750399,100.21116435449854,99.51353576143401,226.44095365069387,240,1,13.55904634930613
22400367,2024-12-19,MIN,NYK,110.5,116.9,92.93319225750399,100.21116435449854,101.1394251651853,228.18910993760724,240,1,11.810890062392758
22400383,2024-12-21,MIN,GSW,108.5,105.3,93.0077513861347,97.83188133019836,97.62465909600354,217.338033460023,216,0,-1.3380334600230128
22400383,2024-12-21,MIN,GSW,108.5,105.3,93.0077513861347,97.83188133019836,96.06030520091853,215.65604015202763,216,1,0.34395984797237134
22400441,2024-12-29,MIN,SAS,107.0,112.1,93.44854795010072,101.07324143711976,97.8,220.28256,222,1,1.7174400000000105
22500232,2025-11-15,MIN,DEN,106.4,123.0,95.11727695622598,106.53855013124921,97.8,225.63855999999998,235,1,9.361440000000016
22500246,2025-11-17,MIN,DAL,106.8,120.1,96.52650314670217,101.57612657544452,97.8,224.33856,216,0,-8.338560000000001
22500259,2025-11-19,MIN,WAS,106.8,107.4,97.16934044794499,102.78732313907926,97.8,217.73456,229,1,11.265440000000012
22500293,2025-11-29,MIN,BOS,107.7,121.4,98.15596043985333,101.6196468719695,97.8,225.48256,234,1,8.517439999999993
22500306,2025-11-30,MIN,SAS,109.2,112.0,98.78948148312541,99.4852321236334,97.8,221.37456,237,1,15.625439999999998
22500355,2025-12-06,MIN,LAC,112.4,110.3,101.8658174696546,101.69425486911285,97.8,222.15456,215,0,-7.154560000000004
22500365,2025-12-08,MIN,PHX,112.4,113.1,101.60540080298794,101.00906039337208,97.8,223.61056000000002,213,0,-10.61056000000002
22501220,2025-12-14,MIN,SAC,113.2,111.2,101.89946941591029,101.5471145108152,97.8,223.03856000000002,220,0,-3.038560000000018
22500368,2025-12-17,MIN,MEM,114.2,112.6,102.04766147281605,100.54172099986819,97.8,224.28656,226,1,1.7134399999999914
22500385,2025-12-19,MIN,OKC,114.9,119.6,101.97123315044105,102.82980302444072,97.8,228.29056000000003,219,0,-9.290560000000028
22500400,2025-12-21,MIN,MIL,114.9,108.2,101.63980778984039,99.95114510338284,97.8,222.36256000000003,203,0,-19.36256000000003
22500416,2025-12-23,MIN,NYK,114.0,119.3,101.47625769999314,103.16399303497332,106.77481034308758,237.31627608088775,219,0,-18.316276080887747
22500416,2025-12-23,MIN,NYK,114.0,119.3,101.47625769999314,103.16399303497332,106.73137903512547,237.2695787385669,219,0,-18.269578738566906
22100259,2021-11-22,NOP,MIN,110.5,106.2,97.8,97.8,97.8,219.03456,206,0,-13.034559999999999
22100275,2021-11-24,NOP,WAS,110.5,106.2,97.8,97.8,100.1702687325107,221.58307294119552,229,1,7.416927058804475
22100275,2021-11-24,NOP,WAS,110.5,106.2,97.8,97.8,97.8,219.03456,229,1,9.965440000000001
22100325,2021-12-01,NOP,DAL,110.5,106.2,94.77087131667201,97.8,98.42100756417027,219.7022673329959,246,1,26.297732667004112
22100325,2021-12-01,NOP,DAL,110.5,106.2,94.77087131667201,97.8,97.59945488717578,218.8189338946914,246,1,27.181066105308588
22100375,2021-12-08,NOP,DEN,110.5,106.2,96.05008987616736,96.77588004668527,96.03321541806677,217.1349132175054,234,1,16.865086782494586
22100375,2021-12-08,NOP,DEN,110.5,106.2,96.05008987616736,96.77588004668527,96.63227766011022,217.77902494015052,234,1,16.22097505984948
22100388,2021-12-10,NOP,DET,110.5,106.2,96.36920799870872,94.86455282022185,96.5542482501082,217.69512771851635,202,0,-15.695127718516346
22100388,2021-12-10,NOP,DET,110.5,106.2,96.36920799870872,94.86455282022185,97.8,219.03456,202,0,-17.03456
22100438,2021-12-17,NOP,MIL,110.5,106.2,97.27622907765449,98.29150722965478,97.8,219.03456,228,1,8.965440000000001
22100467,2021-12-21,NOP,POR,110.5,106.2,97.38469664782313,96.45605187510954,97.8,219.03456,208,0,-11.034559999999999
22100513,2021-12-28,NOP,CLE,109.25,110.875,96.94418262862496,95.95571450250615,97.8,220.81556,212,0,-8.815560000000005
22200206,2022-11-15,NOP,MEM,109.11111111111111,109.6,96.35081243535937,96.38928179501374,97.8,220.0803377777778,215,0,-5.0803377777778
22200217,2022-11-16,NOP,CHI,109.5,110.9,95.0874440174528,101.63780383505336,100.0888781000111,223.41956173313196,234,1,10.580438266868043
22200217,2022-11-16,NOP,CHI,109.5,110.9,95.0874440174528,101.63780383505336,97.8,220.95856,234,1,13.041439999999994
22200231,2022-11-18,NOP,BOS,112.5,111.7,96.45729434347531,96.91706905357152,99.19889244615239,224.43864915810303,226,1,1.5613508418969673
22200231,2022-11-18,NOP,BOS,112.5,111.7,96.45729434347531,96.91706905357152,97.8,222.93456,226,1,3.0654399999999953
22200253,2022-11-21,NOP,GSW,113.8,107.4,96.45729434347528,96.39975830433565,97.8,221.37456,211,0,-10.374560000000002
22200304,2022-11-28,NOP,OKC,113.9,105.0,98.96999746507423,99.38460446648652,101.31776748356246,223.96086359832637,206,0,-17.96086359832637
22200304,2022-11-28,NOP,OKC,113.9,105.0,98.96999746507423,99.38460446648652,97.8,220.17856,206,0,-14.178560000000004
22200318,2022-11-30,NOP,TOR,113.7,111.22222222222223,98.30284514389471,97.32163881350164,97.8,223.31011555555557,234,1,10.68988444444443
22200344,2022-12-04,NOP,DEN,114.9,109.7,99.52810608587781,97.17112256711732,97.8,223.14256,227,1,3.857439999999997
22200344,2022-12-04,NOP,DEN,114.9,109.7,99.52810608587781,97.17112256711732,97.93268128828295,223.28521892116186,227,1,3.7147810788381435
22200371,2022-12-07,NOP,DET,116.1,110.6,99.9766957914696,100.1463033827456,97.8,224.23456,202,0,-22.234559999999988
22200384,2022-12-09,NOP,PHX,114.9,113.0,98.94547503184445,103.88840120198846,97.8,224.85856,245,1,20.14143999999999
22200395,2022-12-11,NOP,PHX,116.6,113.4,100.13533375541687,103.7402091450827,97.8,225.95056,253,1,27.049440000000004
22200457,2022-12-19,NOP,MIL,118.7,108.9,101.37994867334004,100.16667361639874,97.8,224.70256,247,1,22.297439999999995
22200477,2022-12-22,NOP,SAS,119.3,112.0,101.71446136845958,101.1994979698611,97.8,226.62655999999998,243,1,16.373440000000016
22200502,2022-12-26,NOP,IND,119.5,111.6,102.53720463743372,102.31330144103856,97.8,226.52256,206,0,-20.52256
22200520,2022-12-28,NOP,MIN,119.9,111.7,101.49986023909348,102.726102609875,97.8,226.78256,237,1,10.21744000000001
22200534,2022-12-30,NOP,PHI,119.0,111.2,102.35134451585422,98.7476154996621,105.99964352993263,234.8708167233836,243,1,8.129183276616402
22200534,2022-12-30,NOP,PHI,119.0,111.2,102.35134451585422,98.7476154996621,97.8,226.05456,243,1,16.94543999999999
22300034,2023-11-17,NOP,DEN,121.2,112.5,103.74177985982772,103.78683750709956,97.8,227.87456,225,0,-2.8745600000000024
22300203,2023-11-18,NOP,MIN,120.1,111.4,103.03555208863627,102.03243512308826,97.8,226.73056000000003,241,1,14.269439999999975
22300222,2023-11-20,NOP,SAC,120.0,117.3,103.47706713805228,107.5944004845901,97.8,229.74656,222,0,-7.746559999999988
22300233,2023-11-22,NOP,SAC,122.5,114.3,103.54838456543814,107.48047784084378,102.01406046635623,234.01751781342622,229,0,-5.017517813426224
22300233,2023-11-22,NOP,SAC,122.5,114.3,103.54838456543814,107.48047784084378,97.8,229.48656,229,0,-0.4865599999999972
22300262,2023-11-29,NOP,PHI,121.4,116.6,100.56617498222259,102.17062147125974,97.8,230.11056000000002,238,1,7.889439999999979
22300278,2023-12-01,NOP,SAS,120.9,111.5,100.9331296112361,106.80054658420562,97.8,227.19856,227,0,-0.1985599999999863
22300301,2023-12-11,NOP,MIN,121.1,116.8,101.9384572022016,98.96676392674641,97.8,230.05856,228,0,-2.05856
22300301,2023-12-11,NOP,MIN,121.1,116.8,101.9384572022016,98.96676392674641,107.40589863749268,240.38682221503214,228,0,-12.38682221503214
22300360,2023-12-19,NOP,MEM,120.6,109.8,103.63088882361048,95.08182710791567,97.8,226.15856000000002,228,1,1.8414399999999773
22300392,2023-12-23,NOP,HOU,120.6,112.2,104.6720590282252,100.676842643401,104.00782039147713,234.0812084849162,210,0,-24.081208484916203
22300392,2023-12-23,NOP,HOU,120.6,112.2,104.6720590282252,100.676842643401,97.8,227.40656,210,0,-17.406560000000013
22300410,2023-12-26,NOP,MEM,119.1,110.4,104.14247219349132,97.83900185832691,97.8,225.69056,231,1,5.309439999999995
22300424,2023-12-28,NOP,UTA,117.9,111.5,103.00501820286622,104.7676076173985,97.8,225.63855999999998,217,0,-8.638559999999984
22300446,2023-12-31,NOP,LAL,117.6,115.3,102.66803564013158,105.38824577948333,97.8,227.45856,238,1,10.541439999999994
22400017,2024-11-15,NOP,DEN,118.5,111.7,102.59363087822682,101.53400672733841,97.8,226.05456,195,0,-31.05456000000001
22400017,2024-11-15,NOP,DEN,118.5,111.7,102.59363087822682,101.53400672733841,101.60290704775042,230.14344565774127,195,0,-35.14344565774127
22400231,2024-11-16,NOP,LAL,115.7,115.5,100.84958325917921,106.06382455529746,97.8,226.57456000000002,203,0,-23.57456000000002
22400032,2024-11-22,NOP,GSW,113.9,115.9,98.75843081217045,103.517750698515,97.8,225.84656,220,0,-5.846560000000011
22400295,2024-11-27,NOP,TOR,112.3,116.8,97.60482372553122,101.99261205163664,102.75590672021538,230.81115090557557,212,0,-18.811150905575573
22400295,2024-11-27,NOP,TOR,112.3,116.8,97.60482372553122,101.99261205163664,97.8,225.48255999999998,212,0,-13.482559999999978
22400330,2024-12-05,NOP,PHX,109.5,111.2,97.71557387357382,102.06741880852758,97.8,221.11456,250,1,28.88543999999999
22400342,2024-12-07,NOP,OKC,110.0,114.6,98.94325244500239,98.1493895293321,97.8,223.14256,228,1,4.857439999999997
22401207,2024-12-12,NOP,SAC,109.6,112.5,100.0196639743444,101.92641834993964,97.8,221.84256,220,0,-1.8425599999999918
22400384,2024-12-21,NOP,NYK,110.1,118.2,101.38774136497078,99.5193544355102,97.8,225.06656,197,0,-28.06656000000001
22400390,2024-12-22,NOP,DEN,107.9,120.5,100.50230601928438,107.26607266350523,97.8,225.11856,261,1,35.88144
22400416,2024-12-26,NOP,HOU,109.6,112.7,100.99735137164595,96.69904320907972,97.8,221.94656,239,1,17.053439999999995
22400423,2024-12-27,NOP,MEM,107.8,120.8,102.00181565736024,107.39691144604858,97.8,225.22256,256,1,30.777440000000013
22400444,2024-12-30,NOP,LAC,110.1,107.8,103.08147849872903,97.5404060135765,97.8,219.65856000000002,229,1,9.341439999999977
22500237,2025-11-16,NOP,GSW,111.5,102.7,104.0447268686164,96.12922595382359,97.8,217.73456,230,1,12.265440000000012
22500247,2025-11-17,NOP,OKC,111.3,110.0,103.82243878325777,95.84046909914026,97.8,221.42656,235,1,13.573440000000005
22500260,2025-11-19,NOP,DEN,112.9,123.1,103.3009828159336,107.2080386216661,97.8,229.07056,243,1,13.92944
22500270,2025-11-22,NOP,ATL,112.1,120.5,103.7454046199249,105.24720073706891,97.8,227.30256,213,0,-14.30256
22500065,2025-11-26,NOP,MEM,114.4,116.3,104.73931022158466,102.87175285559194,96.6175088141,225.04314547692036,261,1,35.95685452307964
22500065,2025-11-26,NOP,MEM,114.4,116.3,104.73931022158466,102.87175285559194,97.8,226.31456000000003,261,1,34.68543999999997
22500337,2025-12-04,NOP,MIN,119.2,111.8,105.76097177857298,101.30778175536891,97.8,226.47056000000003,241,1,14.529439999999965
22500366,2025-12-08,NOP,SAS,119.7,112.5,104.8264136595911,103.09832477579694,97.8,227.09456,267,1,39.90544
22501207,2025-12-11,NOP,POR,120.5,112.4,105.88870372084381,103.81511231496853,97.8,227.45856,263,1,35.541439999999994
22500375,2025-12-18,NOP,HOU,123.5,117.6,105.76283825959656,99.04848867035054,97.8,231.72256,261,1,29.277440000000013
22500375,2025-12-18,NOP,HOU,123.5,117.6,105.76283825959656,99.04848867035054,101.64099501193132,235.85239783682857,261,1,25.147602163171427
22500389,2025-12-20,NOP,IND,126.2,112.2,105.8554246362525,99.41234980576378,99.29884385315601,231.93011691091334,237,1,5.069883089086659
22500389,2025-12-20,NOP,IND,126.2,112.2,105.8554246362525,99.41234980576378,97.8,230.31856,237,1,6.681440000000009
22500404,2025-12-22,NOP,DAL,128.1,114.2,106.74457697768698,102.55040323877269,97.8,232.34656,232,0,-0.34656000000001086
22100218,2021-11-17,NYK,ORL,110.5,106.2,97.8,97.8,97.8,219.03456,202,0,-17.03456
22100239,2021-11-20,NYK,HOU,110.5,106.2,97.8,97.8,97.8,219.03456,205,0,-14.034559999999999
22100239,2021-11-20,NYK,HOU,110.5,106.2,97.8,97.8,97.46941295601714,218.67911281030965,205,0,-13.679112810309647
22100264,2021-11-23,NYK,LAL,110.5,106.2,97.8,97.8,97.8,219.03456,206,0,-13.034559999999999
22100282,2021-11-26,NYK,PHX,110.5,106.2,97.8,97.8,97.8,219.03456,215,0,-4.034559999999999
22100282,2021-11-26,NYK,PHX,110.5,106.2,97.8,97.8,95.91246001334932,217.0050770063532,215,0,-2.00507700635319
22100328,2021-12-02,NYK,CHI,110.5,106.2,92.3729734891882,98.21723216043247,97.8,219.03456,234,1,14.965440000000001
22100342,2021-12-04,NYK,DEN,110.5,106.2,93.66829020681578,97.59445779894236,97.8,219.03456,212,0,-7.034559999999999
22100398,2021-12-12,NYK,MIL,110.5,106.2,95.06100297091179,98.1772454183138,97.8,219.03456,209,0,-10.034559999999999
22100414,2021-12-14,NYK,GSW,101.25,106.2,95.32033907049686,93.38867872796415,97.8,214.22456,201,0,-13.224559999999997
22100466,2021-12-21,NYK,DET,100.66666666666667,106.2,95.95610058334346,95.00594054686063,97.8,213.92122666666668,196,0,-17.921226666666684
22100480,2021-12-23,NYK,WAS,101.1,105.8,95.29092201191487,97.29233372931132,97.8,213.93856,241,1,27.061440000000005
22100480,2021-12-23,NYK,WAS,101.1,105.8,95.29092201191487,97.29233372931132,98.86916218555288,215.08812318190644,241,1,25.91187681809356
22100488,2021-12-25,NYK,ATL,103.6,106.2,96.99870512516019,99.42870789347586,97.8,215.44656,188,0,-27.446560000000005
22200296,2022-11-27,NYK,MEM,106.2,109.9,95.68539120024428,98.75605021803774,97.8,218.72256000000002,250,1,31.277439999999984
22200316,2022-11-30,NYK,MIL,107.9,111.4,97.95104652094996,100.6283047913778,97.8,220.38656000000003,212,0,-8.386560000000031
22200316,2022-11-30,NYK,MIL,107.9,111.4,97.95104652094996,100.6283047913778,101.42844358635655,224.2878625440506,212,0,-12.287862544050597
22200337,2022-12-03,NYK,DAL,108.5,111.4,98.5046179495214,97.44568178165973,97.8,220.69856,221,1,0.3014400000000137
22200365,2022-12-07,NYK,ATL,106.3,110.5,99.46210094271868,101.36758400054298,101.23204612400825,222.7766959925337,202,0,-20.77669599253369
22200365,2022-12-07,NYK,ATL,106.3,110.5,99.46210094271868,101.36758400054298,97.8,219.08656000000002,202,0,-17.08656000000002
22200397,2022-12-11,NYK,SAC,107.9,109.0,99.49049610128212,103.84760110535761,97.8,219.13855999999998,211,0,-8.138559999999984
22200463,2022-12-20,NYK,GSW,109.5,116.4,98.62300273861018,104.660974758573,97.8,223.81856,226,1,2.181440000000009
22200471,2022-12-21,NYK,TOR,112.2,109.5,98.23694029476472,100.12328847991739,97.8,221.63456000000002,219,0,-2.6345600000000218
22200485,2022-12-23,NYK,CHI,111.1,114.7,97.04986017225929,101.66766631277774,103.325560905434,229.70764308552265,235,1,5.292356914477352
22200485,2022-12-23,NYK,CHI,111.1,114.7,97.04986017225929,101.66766631277774,103.45600605263016,229.84789770778795,235,1,5.152102292212049
22200493,2022-12-25,NYK,PHI,112.7,110.7,96.4529098335464,98.07782860996741,97.8,222.51856,231,1,8.481439999999992
22300045,2023-11-24,NYK,MIA,111.0,110.1,99.76655055509036,99.4291951218151,97.8,221.32256,198,0,-23.32256000000001
22300247,2023-11-26,NYK,PHX,108.7,116.9,99.10064350189252,102.41226898457465,97.8,223.66256,229,1,5.337439999999987
22300057,2023-11-28,NYK,CHA,109.7,114.8,99.1769006645086,104.20493643920855,97.8,223.09056,206,0,-17.09056000000001
22300268,2023-11-30,NYK,DET,111.2,110.0,98.6952764795649,103.26109551109165,97.8,221.37456,230,1,8.625439999999998
22300297,2023-12-11,NYK,TOR,113.8,110.0,100.25475423571918,102.10988571477833,106.80472803922828,232.40844358777827,266,1,33.591556412221735
22300388,2023-12-23,NYK,MIL,116.1,119.7,105.98035883706383,108.51799050475377,103.38883538851485,234.97567580973117,241,1,6.024324190268828
22300388,2023-12-23,NYK,MIL,116.1,119.7,105.98035883706383,108.51799050475377,97.8,228.96656000000002,241,1,12.033439999999985
22300401,2023-12-25,NYK,MIL,116.0,122.1,106.46213738873348,109.6712643142776,97.8,230.16255999999998,251,1,20.837440000000015
22400014,2024-11-15,NYK,BKN,115.7,115.2,108.83645200047029,104.67763315230916,101.08901650584795,229.9549105470877,246,1,16.045089452912293
22400014,2024-11-15,NYK,BKN,115.7,115.2,108.83645200047029,104.67763315230916,97.8,226.41856,246,1,19.581439999999986
22400240,2024-11-17,NYK,BKN,117.5,112.9,108.42645397636439,104.56648910962981,97.8,226.15856000000002,218,0,-8.158560000000023
22400246,2024-11-18,NYK,WAS,117.2,116.1,107.02139195155446,107.73263698567848,97.8,227.66656,240,1,12.333439999999996
22400308,2024-12-01,NYK,NOP,119.4,114.9,106.6478363648364,97.08340628716822,97.8,228.18656000000001,203,0,-25.186560000000014
22400053,2024-12-03,NYK,ORL,121.2,110.4,104.83078563375557,95.58105315503565,97.8,226.78256,227,1,0.2174400000000105
22400327,2024-12-05,NYK,CHA,122.0,109.9,104.08610504654301,99.61424114339962,97.8,226.93856,226,0,-0.9385599999999954
22400343,2024-12-07,NYK,DET,123.0,116.6,104.12330742749538,101.12483408161158,97.8,230.94256000000001,231,1,0.0574399999999855
22401202,2024-12-11,NYK,ATL,122.3,115.5,102.24163878493461,104.20760028649137,97.8,230.00656,208,0,-22.006560000000007
22400397,2024-12-23,NYK,TOR,118.7,115.3,98.40774729265304,99.75046302337665,97.8,228.03056,264,1,35.96943999999999
22400397,2024-12-23,NYK,TOR,118.7,115.3,98.40774729265304,99.75046302337665,98.81393524239631,229.12074317262454,264,1,34.87925682737546
22400405,2024-12-25,NYK,SAS,121.5,112.5,98.40774729265304,102.26726267912743,97.8,228.03056,231,1,2.9694399999999916
22500074,2025-11-28,NYK,MIL,120.3,108.3,101.94373338527264,98.34669101175626,97.8,225.22256,227,1,1.7774400000000128
22500074,2025-11-28,NYK,MIL,120.3,108.3,101.94373338527264,98.34669101175626,104.8045424191634,232.7538440090845,227,0,-5.753844009084503
22500303,2025-11-30,NYK,TOR,119.7,111.7,101.49715044711813,101.82176363460127,97.8,226.67856,210,0,-16.678560000000004
22500328,2025-12-03,NYK,CHA,119.9,107.0,101.2520901823483,99.02281581065286,97.8,224.33856,223,0,-1.338560000000001
22500343,2025-12-05,NYK,UTA,118.4,117.5,100.91851402175854,108.32136781496119,97.8,229.01856,258,1,28.981439999999992
22500357,2025-12-07,NYK,ORL,121.2,113.6,103.16851402175854,101.5455969669447,97.8,228.44656,206,0,-22.446560000000005
22500382,2025-12-19,NYK,PHI,119.7,115.6,101.72782677830908,100.54371080627975,97.8,228.70656000000002,223,0,-5.7065600000000245
22500398,2025-12-21,NYK,MIA,117.9,111.6,102.19533020373204,101.45693240685394,97.8,225.69056,257,1,31.309439999999995
22100207,2021-11-15,OKC,MIA,110.5,106.2,97.8,97.8,96.31397697954205,217.43678804840363,193,0,-24.436788048403628
22100207,2021-11-15,OKC,MIA,110.5,106.2,97.8,97.8,97.8,219.03456,193,0,-26.03456
22100221,2021-11-17,OKC,HOU,110.5,106.2,97.8,97.8,91.6605288178772,212.4334005849816,190,0,-22.433400584981598
22100221,2021-11-17,OKC,HOU,110.5,106.2,97.8,97.8,97.8,219.03456,190,0,-29.03456
22100276,2021-11-24,OKC,UTA,110.5,106.2,97.8,97.8,100.58731592322805,222.03148208065483,214,0,-8.031482080654825
22100276,2021-11-24,OKC,UTA,110.5,106.2,97.8,97.8,97.8,219.03456,214,0,-5.034559999999999
22100286,2021-11-26,OKC,WAS,110.5,106.2,97.8,97.8,97.8,219.03456,200,0,-19.03456
22100326,2021-12-01,OKC,HOU,110.5,106.2,91.00225435289762,97.8,97.8,219.03456,224,1,4.965440000000001
22100389,2021-12-10,OKC,LAL,110.5,106.2,93.81549099716983,97.63149949703067,96.06853952904274,217.17289370162678,211,0,-6.172893701626776
22100389,2021-12-10,OKC,LAL,110.5,106.2,93.81549099716983,97.63149949703067,97.8,219.03456,211,0,-8.034559999999999
22100400,2021-12-12,OKC,DAL,110.5,106.2,94.36470398780541,92.76983681748135,97.8,219.03456,187,0,-32.03456
22100422,2021-12-15,OKC,NOP,110.5,103.33333333333333,94.36470398780541,96.50884554828922,97.8,217.54389333333336,223,1,5.456106666666642
22100444,2021-12-18,OKC,LAC,99.125,106.2,95.36221345184208,95.36779668947582,97.8,213.11956,207,0,-6.119560000000007
22100474,2021-12-22,OKC,DEN,99.66666666666667,112.1,94.61017193275511,100.24708582211997,97.8,216.46922666666666,202,0,-14.469226666666657
22100497,2021-12-26,OKC,NOP,100.5,105.3,94.65095704269832,97.16366876332779,97.8,213.36656,229,1,15.633440000000007
22100536,2021-12-31,OKC,NYK,103.2,103.5,95.24358325293345,94.18490627448568,97.8,213.83456,175,0,-38.83456000000001
22200254,2022-11-21,OKC,NYK,102.6,100.0,95.96079488193827,94.03892443907023,97.8,211.70256,248,1,36.297439999999995
22200281,2022-11-25,OKC,CHI,106.8,111.6,98.07869428367178,101.56634883397446,102.82537241813911,225.3218404239832,242,1,16.67815957601681
22200281,2022-11-25,OKC,CHI,106.8,111.6,98.07869428367178,101.56634883397446,97.8,219.91856,242,1,22.081439999999986
22200319,2022-11-30,OKC,SAS,108.1,111.6,99.56459606893662,101.83321812801188,97.8,220.59456,230,1,9.405439999999999
22200419,2022-12-14,OKC,MIA,110.5,104.5,102.33306371444637,95.6099675204423,105.46155267477694,226.38826143592019,218,0,-8.388261435920185
22200419,2022-12-14,OKC,MIA,110.5,104.5,102.33306371444637,95.6099675204423,106.96411810007021,228.0038197811955,218,0,-10.003819781195489
22200435,2022-12-16,OKC,MIN,112.9,113.2,101.85143952950267,102.76485382517387,101.0559650299815,227.42337360023612,222,0,-5.423373600236118
22200435,2022-12-16,OKC,MIN,112.9,113.2,101.85143952950267,102.76485382517387,97.8,223.92256,222,0,-1.9225600000000043
22200443,2022-12-17,OKC,MEM,112.9,114.9,100.92246057277475,101.90253429602365,97.8,224.80656000000002,224,0,-0.8065600000000188
22200458,2022-12-19,OKC,POR,114.0,111.2,100.66162590182772,102.85470290833001,97.8,223.45456000000001,244,1,20.545439999999985
22200474,2022-12-21,OKC,POR,115.5,112.7,101.5853680401925,103.1382833216274,97.8,225.01456000000002,199,0,-26.014560000000017
22200488,2022-12-23,OKC,NOP,113.9,113.2,100.6577990523463,101.67663635351637,103.21432316363033,230.26404026553536,253,1,22.735959734464643
22200488,2022-12-23,OKC,NOP,113.9,113.2,100.6577990523463,101.67663635351637,97.8,224.44256000000001,253,1,28.557439999999986
22200511,2022-12-27,OKC,SAS,116.9,109.6,101.51836733626367,102.80728916725292,103.12256143100963,229.8533780506216,244,1,14.146621949378414
22200511,2022-12-27,OKC,SAS,116.9,109.6,101.51836733626367,102.80728916725292,97.8,224.13056,244,1,19.869439999999997
22200545,2022-12-31,OKC,PHI,118.0,111.4,101.30634451060446,100.39764789755849,97.8,225.63855999999998,211,0,-14.638559999999984
22300234,2023-11-22,OKC,CHI,115.0,114.7,100.99102245966678,98.89722736644882,97.8,225.79456,218,0,-7.79455999999999
22300239,2023-11-25,OKC,PHI,114.3,112.4,100.99102245966678,99.16538349176439,97.8,224.23456,250,1,25.765440000000012
22300271,2023-11-30,OKC,LAL,114.7,115.1,101.51356803647491,101.52196936909452,97.8,225.84656,243,1,17.15343999999999
22300271,2023-11-30,OKC,LAL,114.7,115.1,101.51356803647491,101.52196936909452,102.38935776568319,230.78103746966258,243,1,12.218962530337421
22300302,2023-12-11,OKC,UTA,120.0,106.1,102.62692917633018,100.04748803375655,97.8,223.92255999999998,254,1,30.077440000000024
22300355,2023-12-18,OKC,MEM,121.9,109.2,104.74561378167634,94.63745479832238,105.09941522757268,234.37089125268614,213,0,-21.370891252686135
22300355,2023-12-18,OKC,MEM,121.9,109.2,104.74561378167634,94.63745479832238,97.8,226.52256,213,0,-13.522559999999999
22300379,2023-12-21,OKC,LAC,121.2,123.0,104.24409738564422,104.54619297023663,97.8,233.33456,249,1,15.66543999999999
22300397,2023-12-23,OKC,LAL,124.5,114.6,105.16769519485125,103.34394139237838,103.34064413539508,236.63986057437677,249,1,12.360139425623231
22300397,2023-12-23,OKC,LAL,124.5,114.6,105.16769519485125,103.34394139237838,97.8,230.68256,249,1,18.317440000000005
22300411,2023-12-26,OKC,MIN,124.0,116.6,106.3933799165602,98.77639616759218,104.12498089265594,238.26317945578367,235,0,-3.2631794557836713
22300411,2023-12-26,OKC,MIN,124.0,116.6,106.3933799165602,98.77639616759218,104.14688209427455,238.28672762776398,235,0,-3.2867276277639803
22300419,2023-12-27,OKC,NYK,123.9,119.5,105.76015339725059,108.16804407713498,97.8,232.91856,249,1,16.081439999999986
22300447,2023-12-31,OKC,BKN,127.2,115.9,106.0565375110621,104.33862057024545,97.8,232.76256,232,0,-0.7625600000000077
22400242,2024-11-17,OKC,DAL,125.6,113.8,104.98865232125638,104.54008356751592,97.8,230.83856,240,1,9.161439999999999
22400256,2024-11-20,OKC,POR,124.2,109.7,103.30454868604328,105.59844504782241,97.8,227.97856000000002,208,0,-19.978560000000016
22400055,2024-12-03,OKC,UTA,121.3,115.8,99.0385418707666,101.90829180028753,102.02768133772754,234.18816297432465,239,1,4.811837025675345
22400055,2024-12-03,OKC,UTA,121.3,115.8,99.0385418707666,101.90829180028753,97.8,229.64256,239,1,9.357439999999997
22401203,2024-12-10,OKC,DAL,121.2,123.8,98.70943201105507,104.1241081841796,97.8,233.75056,222,0,-11.750560000000007
22400400,2024-12-23,OKC,WAS,121.4,110.0,96.4791247615906,101.01589331109278,97.8,226.67856,228,1,1.3214399999999955
22400400,2024-12-23,OKC,WAS,121.4,110.0,96.4791247615906,101.01589331109278,99.61840131979804,228.63370509904686,228,0,-0.633705099046864
22400440,2024-12-29,OKC,MEM,120.3,122.4,97.25153782845105,108.47657428741734,97.8,232.55456,236,1,3.4454399999999907
22400452,2024-12-31,OKC,MIN,121.3,108.9,97.17960044670006,94.37414318819594,97.8,226.05456,218,0,-8.05456000000001
22500261,2025-11-19,OKC,SAC,119.7,114.2,96.17266112628361,102.28820730187941,97.8,227.97856000000002,212,0,-15.978560000000016
22500280,2025-11-23,OKC,POR,118.1,109.0,97.62278214979675,106.14187848139203,97.8,224.44256000000001,217,0,-7.4425600000000145
22500064,2025-11-26,OKC,MIN,117.9,107.9,98.32886790360034,98.90343125407877,97.8,223.76656000000003,218,0,-5.766560000000027
22500075,2025-11-28,OKC,PHX,119.3,111.3,98.88363478943415,98.70602011551507,97.8,226.26256,242,1,15.737439999999992
22500075,2025-11-28,OKC,PHX,119.3,111.3,98.88363478943415,98.70602011551507,104.60259417750397,233.57670925965226,242,1,8.423290740347738
22500349,2025-12-05,OKC,DAL,119.7,112.9,100.85926923538602,101.73923268383173,97.8,227.30256000000003,243,1,15.697439999999972
22501203,2025-12-10,OKC,PHX,122.0,112.8,102.35159040872897,101.00489249177161,97.8,228.44656,227,0,-1.4465600000000052
22500369,2025-12-18,OKC,LAC,122.5,111.8,103.27809949784181,101.66970006811296,103.0559033278708,233.83770725812667,223,0,-10.83770725812667
22500369,2025-12-18,OKC,LAC,122.5,111.8,103.27809949784181,101.66970006811296,101.72056079495472,232.40194696673532,223,0,-9.401946966735323
22500406,2025-12-22,OKC,MEM,122.9,113.6,103.08913912402579,101.90898536429165,97.8,229.33056000000002,222,0,-7.33056000000002
22100269,2021-11-24,ORL,CHA,110.5,106.2,97.8,97.8,99.93131412308068,221.32614894513637,205,0,-16.326148945136367
22100269,2021-11-24,ORL,CHA,110.5,106.2,97.8,97.8,100.64367804893898,222.0920826382192,205,0,-17.09208263821921
22100283,2021-11-26,ORL,CHI,110.5,106.2,97.8,97.8,97.8,219.03456,211,0,-8.034559999999999
22100320,2021-12-01,ORL,DEN,110.5,106.2,95.30055133507884,97.8,97.8,219.03456,211,0,-8.034559999999999
22100418,2021-12-15,ORL,ATL,110.5,106.2,96.1915407916858,99.95958148292685,97.8,219.03456,210,0,-9.034559999999999
22100433,2021-12-17,ORL,MIA,110.5,102.33333333333333,95.59848191541562,93.44090841730883,97.8,217.02389333333332,220,1,2.9761066666666807
22100477,2021-12-23,ORL,NOP,110.5,104.3,95.15605065420823,96.5356925728516,97.8,218.04656,214,0,-4.0465599999999995
22100508,2021-12-28,ORL,MIL,110.5,109.66666666666667,95.78402684468442,97.22067812545276,97.8,220.83722666666668,237,1,16.16277333333332
22100526,2021-12-30,ORL,MIL,110.5,111.4,96.7512887494463,97.62990431592895,97.8,221.73856,254,1,32.26143999999999
22200212,2022-11-16,ORL,MIN,103.875,112.4,97.45891228003008,99.2383435166285,100.31916271128871,221.52216374717761,234,1,12.477836252822385
22200212,2022-11-16,ORL,MIN,103.875,112.4,97.45891228003008,99.2383435166285,97.8,218.81356,234,1,15.186440000000005
22200273,2022-11-25,ORL,PHI,104.33333333333333,108.1,97.81669721286262,95.08053281773827,97.8,216.81589333333335,206,0,-10.81589333333335
22200273,2022-11-25,ORL,PHI,104.33333333333333,108.1,97.81669721286262,95.08053281773827,100.90518412174842,220.15458730103722,206,0,-14.154587301037225
22200297,2022-11-27,ORL,PHI,103.8,109.0,97.63608814350876,94.5716674458634,97.8,217.00656,236,1,18.993439999999993
22200313,2022-11-30,ORL,ATL,104.2,109.4,98.74410868205977,99.44541324939735,101.25581601592317,221.1382533803206,233,1,11.861746619679394
22200313,2022-11-30,ORL,ATL,104.2,109.4,98.74410868205977,99.44541324939735,97.8,217.42256,233,1,15.577439999999996
22200353,2022-12-05,ORL,MIL,106.2,113.1,100.64272518933213,101.7730777867754,97.8,220.38656,211,0,-9.386560000000003
22200363,2022-12-07,ORL,LAC,105.6,106.7,99.70830722758677,99.11138946303186,97.8,216.74656,227,1,10.253440000000012
22200379,2022-12-09,ORL,TOR,107.3,110.1,97.90715044411867,98.33430110545852,97.8,219.39856,222,1,2.6014399999999966
22200398,2022-12-11,ORL,TOR,108.1,110.7,97.49684368656087,98.29709872450614,97.8,220.12655999999998,210,0,-10.126559999999984
22200416,2022-12-14,ORL,ATL,108.8,108.3,97.27841476935085,99.77433579130305,97.8,219.24256,259,1,39.75744
22200479,2022-12-23,ORL,SAS,111.3,112.1,99.37576244318018,101.38520114117112,103.42463299170151,228.56616539267748,246,1,17.433834607322524
22200479,2022-12-23,ORL,SAS,111.3,112.1,99.37576244318018,101.38520114117112,97.8,222.51856,246,1,23.481439999999992
22200505,2022-12-27,ORL,LAL,112.8,120.6,99.8593933955611,106.09218908587768,97.8,227.71856,239,1,11.281440000000003
22200529,2022-12-30,ORL,WAS,113.0,113.3,100.97546482413254,101.37544667033558,97.8,224.02656000000002,219,0,-5.026560000000018
22300038,2023-11-21,ORL,TOR,113.1,110.3,101.33683763256158,102.05709499025812,97.8,222.51856,233,1,10.481439999999992
22300226,2023-11-22,ORL,DEN,115.4,112.3,100.42165906113301,102.59450633236851,97.8,224.75456000000003,243,1,18.245439999999974
22300043,2023-11-24,ORL,BOS,117.0,111.1,101.01892071684131,99.99657467222443,97.8,224.96256,209,0,-15.962559999999996
22300248,2023-11-26,ORL,CHA,118.1,113.3,101.4286223568334,103.7213054868276,97.8,226.67856,247,1,20.321439999999996
22300259,2023-11-29,ORL,WAS,119.5,117.5,101.31855888123569,105.1527423827332,97.8,229.59056,259,1,29.40943999999999
22300274,2023-12-01,ORL,WAS,122.1,116.7,102.49415411933093,106.10512333511416,97.8,230.52656000000002,255,1,24.473439999999982
22301217,2023-12-08,ORL,DET,124.0,111.4,102.82897554790236,102.13347981183898,101.31413454436864,232.5369574621052,214,0,-18.536957462105192
22301217,2023-12-08,ORL,DET,124.0,111.4,102.82897554790236,102.13347981183898,101.15230835172834,232.3629619397783,214,0,-18.3629619397783
22300294,2023-12-11,ORL,CLE,122.8,106.6,102.71029687808732,97.02099967175603,107.5942105956352,236.16929523242698,198,0,-38.169295232426975
22300294,2023-12-11,ORL,CLE,122.8,106.6,102.71029687808732,97.02099967175603,97.8,225.63855999999998,198,0,-27.638559999999984
22300366,2023-12-20,ORL,MIA,119.9,112.3,103.04096664599449,102.16222105997211,97.8,227.09456,221,0,-6.094560000000001
22300415,2023-12-27,ORL,PHI,119.5,121.4,102.9558627844443,104.79568394767931,97.8,231.61856,204,0,-27.618560000000002
22300429,2023-12-29,ORL,NYK,118.7,119.3,100.99356949892926,108.83645200047027,97.8,230.11056000000002,225,0,-5.110560000000021
22400265,2024-11-23,ORL,DET,115.2,111.4,97.82415570830841,103.84727812935897,97.8,224.18256000000002,211,0,-13.182560000000024
22400289,2024-11-27,ORL,CHI,115.0,117.6,96.83648874977564,103.6401884198965,102.31736202678742,232.15962765120184,252,1,19.840372348798155
22400289,2024-11-27,ORL,CHI,115.0,117.6,96.83648874977564,103.6401884198965,97.8,227.30256,252,1,24.69744
22400352,2024-12-08,ORL,PHX,115.3,109.7,94.99385949095914,102.06554305822745,102.18907974955465,228.06969854672118,225,0,-3.0696985467211846
22400352,2024-12-08,ORL,PHX,115.3,109.7,94.99385949095914,102.06554305822745,102.11129308871273,227.98606232898393,225,0,-2.986062328983934
22401227,2024-12-15,ORL,NYK,112.9,119.0,96.59174378065829,101.7693544355102,97.8,226.93856,191,0,-35.938559999999995
22400361,2024-12-19,ORL,OKC,109.0,111.5,96.56554334232395,97.11358879825129,97.8,221.01056,204,0,-17.010559999999998
22400377,2024-12-21,ORL,MIA,106.6,111.5,95.3378647708954,97.83031545125336,97.19606761425585,219.1132118988479,235,1,15.886788101152092
22400377,2024-12-21,ORL,MIA,106.6,111.5,95.3378647708954,97.83031545125336,97.243674262829,219.16439856739373,235,1,15.835601432606268
22400393,2024-12-23,ORL,BOS,108.3,126.7,96.29559548714883,100.7518682636686,97.8,228.55056000000002,212,0,-16.55056000000002
22400393,2024-12-23,ORL,BOS,108.3,126.7,96.29559548714883,100.7518682636686,99.30782339006656,230.1717717089996,212,0,-18.171771708999586
22400419,2024-12-27,ORL,NYK,108.1,117.8,94.76827430763099,98.03478694859946,97.8,223.81856,193,0,-30.81855999999999
22400436,2024-12-29,ORL,BKN,104.9,109.3,93.80547668858338,95.85951594521731,97.8,217.73456,203,0,-14.734559999999988
22500249,2025-11-18,ORL,GSW,105.3,103.7,93.23280862854058,97.31693589257088,97.8,215.03056,234,1,18.96943999999999
22500264,2025-11-20,ORL,LAC,106.3,106.8,94.23649462176633,97.70208271050393,97.8,217.16255999999998,230,1,12.837440000000015
22500269,2025-11-22,ORL,NYK,105.9,114.5,95.3889936379017,99.36882228568317,97.8,220.95856,254,1,33.041439999999994
22500314,2025-12-01,ORL,CHI,107.7,123.3,100.24658479151795,105.21357368508738,107.72098080618296,237.13759856280797,245,1,7.862401437192034
22500314,2025-12-01,ORL,CHI,107.7,123.3,100.24658479151795,105.21357368508738,97.8,226.47056000000003,245,1,18.529439999999965
22500326,2025-12-03,ORL,SAS,111.1,110.5,100.54328146605555,101.53765449299607,97.8,221.58256,226,1,4.417439999999999
22500339,2025-12-05,ORL,MIA,112.4,112.4,101.02922791932565,101.19660479493278,103.96023590481713,229.87004564485937,211,0,-18.870045644859374
22500339,2025-12-05,ORL,MIA,112.4,112.4,101.02922791932565,101.19660479493278,102.4506336276635,228.2469212764638,211,0,-17.24692127646381
22501201,2025-12-09,ORL,MIA,110.9,111.3,101.8441545642575,102.01183815815254,97.8,221.89456,225,1,3.1054399999999873
22100292,2021-11-27,PHI,MIN,110.5,106.2,97.8,97.8,97.8,219.03456,241,1,21.96544
22100305,2021-11-29,PHI,ORL,110.5,106.2,97.8,96.21312025196369,97.93667408143796,219.1815119723621,197,0,-22.181511972362102
22100305,2021-11-29,PHI,ORL,110.5,106.2,97.8,96.21312025196369,97.8,219.03456,197,0,-22.03456
22100379,2021-12-09,PHI,UTA,110.5,106.2,92.4048887182676,101.11425114247066,97.8,219.03456,214,0,-5.034559999999999
22100396,2021-12-11,PHI,GSW,110.5,106.2,92.66579084888815,93.90951206129749,97.8,219.03456,195,0,-24.03456
22100419,2021-12-15,PHI,MIA,110.5,102.5,93.14814906414078,93.69125709234369,97.64846482005012,216.9476293745179,197,0,-19.947629374517902
22100419,2021-12-15,PHI,MIA,110.5,102.5,93.14814906414078,93.69125709234369,97.8,217.11056000000002,197,0,-20.11056000000002
22100478,2021-12-23,PHI,ATL,110.5,106.2,92.70219651060769,100.68772363366314,100.53654918719131,221.97689768606813,194,0,-27.976897686068128
22100478,2021-12-23,PHI,ATL,110.5,106.2,92.70219651060769,100.68772363366314,99.75301486299186,221.13444158068887,194,0,-27.134441580688872
22200226,2022-11-18,PHI,MIL,110.5,113.0,94.69716688102507,98.82115234003486,97.8,222.57056,212,0,-10.57056
22200237,2022-11-19,PHI,MIN,110.5,114.0,94.12816431803714,99.31382884561486,97.8,223.09056,221,0,-2.0905600000000106
22200256,2022-11-22,PHI,BKN,103.75,115.1,94.34857675079269,100.73930776506364,97.8,220.15256,221,1,0.847440000000006
22200299,2022-11-28,PHI,ATL,105.0,112.5,95.9816654699693,99.36524912307736,97.8,219.45056,205,0,-14.450559999999996
22200382,2022-12-09,PHI,LAL,104.9,117.2,96.12670406113192,104.74047607680028,100.66809035373032,224.92633074833083,255,1,30.073669251669173
22200382,2022-12-09,PHI,LAL,104.9,117.2,96.12670406113192,104.74047607680028,100.8204491579987,225.0901469346802,255,1,29.909853065319794
22200399,2022-12-11,PHI,CHA,106.2,113.1,96.487553010978,99.88573582118555,97.8,220.38656,244,1,23.613439999999997
22200409,2022-12-13,PHI,SAC,109.2,106.6,97.60736411880974,102.11397015297665,97.8,218.56656,226,1,7.43343999999999
22200432,2022-12-16,PHI,GSW,111.9,114.8,98.0603109705656,104.06186716101222,97.8,224.23456,224,0,-0.23455999999998767
22200453,2022-12-19,PHI,TOR,113.5,109.8,98.10293943881777,100.41644324182215,97.8,222.46656000000002,205,0,-17.466560000000015
22200453,2022-12-19,PHI,TOR,113.5,109.8,98.10293943881777,100.41644324182215,104.44878058901622,229.61532888931026,205,0,-24.615328889310263
22200467,2022-12-21,PHI,DET,114.3,113.6,97.1801460536813,102.28504476488199,97.8,224.85856,206,0,-18.85856000000001
22200467,2022-12-21,PHI,DET,114.3,113.6,97.1801460536813,102.28504476488199,100.33011559630015,227.5789402891419,206,0,-21.57894028914191
22200480,2022-12-23,PHI,LAC,116.0,109.1,97.04156477870877,97.17596649066662,97.8,223.40256,233,1,9.597440000000006
22300194,2023-11-15,PHI,BOS,116.9,111.9,99.87449906333597,100.27772613582984,97.8,225.32656000000003,224,0,-1.326560000000029
22300040,2023-11-21,PHI,CLE,116.7,102.5,99.89991280023874,97.93495064102079,97.8,220.33456,241,1,20.66543999999999
22300255,2023-11-27,PHI,LAL,117.1,117.0,101.17156002095346,103.0347209132268,97.8,228.08256,232,1,3.917439999999999
22301218,2023-12-08,PHI,ATL,120.5,118.4,103.95480113211694,107.39551542721638,102.11650317254578,235.2196642111212,239,1,3.7803357888788014
22301218,2023-12-08,PHI,ATL,120.5,118.4,103.95480113211694,107.39551542721638,97.8,230.57855999999998,239,1,8.421440000000018
22300295,2023-12-11,PHI,WAS,119.7,117.9,103.73127294586372,107.7335351353704,97.8,229.90256,247,1,17.097440000000006
22300295,2023-12-11,PHI,WAS,119.7,117.9,103.73127294586372,107.7335351353704,107.44492400828138,240.27278229370415,247,1,6.727217706295846
22300327,2023-12-15,PHI,DET,121.2,110.2,105.70673494028493,102.76607594652715,97.8,226.67856,216,0,-10.678560000000004
22300351,2023-12-18,PHI,CHI,121.3,113.4,104.58972956072724,101.10436788885714,97.8,228.39456,212,0,-16.394560000000013
22300351,2023-12-18,PHI,CHI,121.3,113.4,104.58972956072724,101.10436788885714,104.28339620366974,235.36550759818573,212,0,-23.36550759818573
22300367,2023-12-20,PHI,MIN,119.9,117.5,104.3566882309878,98.22361408907561,97.8,229.79856,240,1,10.201439999999991
22300382,2023-12-22,PHI,TOR,122.2,112.1,105.46812865778092,101.16849567328455,97.8,228.18656,232,1,3.813440000000014
22400027,2024-11-22,PHI,BKN,123.0,111.9,98.00410938433949,104.37983249677723,97.8,228.49856,211,0,-17.498559999999998
22400274,2024-11-24,PHI,LAC,122.4,121.5,97.7532239061813,101.74797432102407,97.8,233.17856,224,0,-9.178560000000004
22400290,2024-11-27,PHI,HOU,121.6,115.3,97.97986267884517,100.60237326600675,102.36957102605547,234.45176276721486,237,1,2.548237232785141
22400290,2024-11-27,PHI,HOU,121.6,115.3,97.97986267884517,100.60237326600675,97.8,229.53856000000002,237,1,7.461439999999982
22400322,2024-12-04,PHI,ORL,121.2,109.6,96.1452626198133,96.44028806238771,97.8,226.36656,208,0,-18.366559999999993
22400333,2024-12-06,PHI,ORL,117.6,108.5,95.21629270548773,95.80784758619723,97.8,223.92255999999998,196,0,-27.922559999999976
22401209,2024-12-13,PHI,IND,115.3,114.9,93.08334789576469,104.76368637525121,97.8,226.05456,228,1,1.9454399999999907
22401209,2024-12-13,PHI,IND,115.3,114.9,93.08334789576469,104.76368637525121,101.17845060140759,229.68707008663347,228,0,-1.6870700866334687
22400373,2024-12-20,PHI,CHA,111.4,110.6,95.39196888600179,96.59206150847143,97.8,221.79056000000003,206,0,-15.790560000000028
22400394,2024-12-23,PHI,SAS,109.8,113.8,95.54342920297984,101.5633504088251,97.8,222.62256,217,0,-5.622559999999993
22400394,2024-12-23,PHI,SAS,109.8,113.8,95.54342920297984,101.5633504088251,99.22184003690539,224.15132240768065,217,0,-7.151322407680652
22500243,2025-11-17,PHI,LAC,110.5,105.4,97.1288366027107,98.15316941091788,97.8,218.61856,218,0,-0.6185600000000022
22500258,2025-11-19,PHI,TOR,108.8,111.6,97.37737562549852,102.66668020513991,97.8,220.95856,233,1,12.041439999999994
22500275,2025-11-23,PHI,MIA,107.9,109.7,98.95927701813103,97.94360533421046,97.8,219.50256000000002,244,1,24.497439999999983
22500058,2025-11-25,PHI,ORL,108.3,109.4,100.33654340585765,97.7200419044887,97.8,219.55456,247,1,27.44543999999999
22500318,2025-12-02,PHI,WAS,110.6,104.0,101.59726679081227,103.83839772613301,97.8,217.94256000000001,223,1,5.0574399999999855
22500333,2025-12-04,PHI,GSW,112.5,103.5,101.48843824902212,98.78661609741901,97.8,218.67056000000002,197,0,-21.670560000000023
22500362,2025-12-07,PHI,LAL,112.2,109.8,100.18090686826899,106.5363374112136,97.8,221.79056000000003,220,0,-1.7905600000000277
22501211,2025-12-12,PHI,IND,112.3,113.8,100.09831781411278,102.45941470913097,97.8,223.92255999999998,220,0,-3.922559999999976
22500387,2025-12-20,PHI,DAL,113.0,112.6,100.13726321687055,102.43941872990642,97.8,223.66255999999998,235,1,11.337440000000015
22500387,2025-12-20,PHI,DAL,113.0,112.6,100.13726321687055,102.43941872990642,98.1298449919939,224.01720933539184,235,1,10.98279066460816
22500410,2025-12-23,PHI,BKN,114.0,108.2,100.93122728548526,96.69890165029678,97.8,221.89456,220,0,-1.8945600000000127
22500410,2025-12-23,PHI,BKN,114.0,108.2,100.93122728548526,96.69890165029678,105.8169273560743,230.51436029325112,220,0,-10.514360293251116
22100222,2021-11-17,PHX,DAL,110.5,106.2,97.8,97.8,97.8,219.03456,203,0,-16.03456
22100237,2021-11-19,PHX,DAL,110.5,106.2,97.8,97.8,97.8,219.03456,216,0,-3.034559999999999
22100251,2021-11-21,PHX,DEN,110.5,106.2,97.8,97.8,97.8,219.03456,223,1,3.965440000000001
22100316,2021-11-30,PHX,GSW,110.5,106.2,96.8448666269734,97.8,97.8,219.03456,200,0,-19.03456
22100331,2021-12-02,PHX,DET,110.5,106.2,96.08832749128328,94.35620244729778,97.8,219.03456,217,0,-2.034559999999999
22100360,2021-12-06,PHX,SAS,110.5,106.2,96.18279340521939,94.26275226509148,96.4605594747185,217.59439354721735,212,0,-5.594393547217351
22100360,2021-12-06,PHX,SAS,110.5,106.2,96.18279340521939,94.26275226509148,97.8,219.03456,212,0,-7.034559999999999
22100390,2021-12-10,PHX,BOS,110.5,110.25,96.02173963745584,98.32050947709871,97.8,221.14056,201,0,-20.140559999999994
22100432,2021-12-16,PHX,WAS,110.5,105.0,95.64130858227941,97.3343085610503,97.8,218.41056000000003,216,0,-2.4105600000000322
22100456,2021-12-19,PHX,CHA,112.25,118.0,95.31117652945828,106.62411670290766,97.8,226.08056000000002,243,1,16.91943999999998
22100483,2021-12-23,PHX,OKC,115.0,98.625,94.50045726267207,94.09925036417629,99.04460681186018,218.77376124411205,214,0,-4.773761244112052
22100483,2021-12-23,PHX,OKC,115.0,98.625,94.50045726267207,94.09925036417629,97.8,217.43556,214,0,-3.4355600000000095
22100490,2021-12-25,PHX,GSW,114.8,103.8,94.46325488171969,93.67218653832627,97.8,220.02256,223,1,2.9774400000000014
22100505,2021-12-27,PHX,MEM,115.0,109.11111111111111,94.54043824469143,94.17272594686328,97.8,222.8883377777778,227,1,4.111662222222208
22100522,2021-12-29,PHX,OKC,115.1,100.1,95.44733627361255,95.95042849102869,97.8,218.25456000000003,212,0,-6.254560000000026
22200220,2022-11-16,PHX,GSW,114.0,103.7,95.79101731883573,93.76960540135576,97.8,219.55456,249,1,29.44543999999999
22200220,2022-11-16,PHX,GSW,114.0,103.7,95.79101731883573,93.76960540135576,99.46472584068263,221.34447322390199,249,1,27.655526776098014
22200240,2022-11-20,PHX,NYK,116.6,100.7,99.2984763190333,93.69818798758587,97.8,219.34656,211,0,-8.34656000000001
22200259,2022-11-22,PHX,LAL,116.8,109.2,99.51628776933957,99.22856204723377,97.8,223.87056,220,0,-3.8705600000000118
22200283,2022-11-25,PHX,DET,117.5,109.4,100.36747824553005,100.04498074897947,101.89567135682921,228.74222584286278,210,0,-18.74222584286278
22200283,2022-11-25,PHX,DET,117.5,109.4,100.36747824553005,100.04498074897947,102.16077956978457,229.02727019343237,210,0,-19.027270193432372
22200289,2022-11-26,PHX,UTA,117.2,117.6,100.1769522443346,103.94416387175937,97.8,228.44656,225,0,-3.446560000000005
22200321,2022-11-30,PHX,CHI,116.7,111.3,101.02998995414931,102.46272150931759,102.3191536174983,229.7695539695342,245,1,15.2304460304658
22200321,2022-11-30,PHX,CHI,116.7,111.3,101.02998995414931,102.46272150931759,102.77677682420908,230.26159044138961,245,1,14.738409558610385
22200334,2022-12-02,PHX,HOU,116.2,108.0,102.18326376367314,101.79863572366914,97.8,222.93456,243,1,20.065439999999995
22200373,2022-12-07,PHX,BOS,117.0,108.8,104.15036153591456,102.71148119579328,100.66839982347513,226.85066349020047,223,0,-3.850663490200475
22200373,2022-12-07,PHX,BOS,117.0,108.8,104.15036153591456,102.71148119579328,101.36173518969333,227.5961376759583,223,0,-4.596137675958289
22200444,2022-12-17,PHX,NOP,116.1,112.6,102.04869409566669,100.56258590187163,97.8,225.27456,232,1,6.725439999999992
22200459,2022-12-19,PHX,LAL,116.6,117.6,102.87057096356868,106.03792911711996,97.8,228.13456000000002,234,1,5.865439999999978
22200464,2022-12-20,PHX,WAS,118.1,111.6,103.27654899394123,103.77551990713296,97.8,225.79456,223,0,-2.79455999999999
22200490,2022-12-23,PHX,MEM,116.1,111.2,102.67882036273978,100.30729620078556,104.09434126913096,231.3142357325696,225,0,-6.314235732569614
22200490,2022-12-23,PHX,MEM,116.1,111.2,102.67882036273978,100.30729620078556,97.8,224.54656,225,1,0.4534400000000005
22300197,2023-11-15,PHX,MIN,114.5,112.6,100.96369739491786,101.84750378540797,97.8,224.44256000000001,248,1,23.557439999999986
22300041,2023-11-21,PHX,POR,116.3,110.5,102.92414589588016,100.10211288781606,97.8,224.28656,227,1,2.7134399999999914
22300236,2023-11-22,PHX,GSW,117.5,112.5,103.670354649091,103.62365988158825,101.5483532207639,229.98078938296536,238,1,8.019210617034645
22300236,2023-11-22,PHX,GSW,117.5,112.5,103.670354649091,103.62365988158825,97.8,225.95056,238,1,12.049440000000004
22300279,2023-12-01,PHX,DEN,118.5,111.2,102.20108407788057,103.1221154089529,97.8,225.79456,230,1,4.20544000000001
22300288,2023-12-02,PHX,MEM,116.4,109.5,102.23688553235358,95.97660642422586,97.8,223.81856,225,1,1.1814400000000091
22301228,2023-12-08,PHX,SAC,115.9,116.0,101.19709560188367,107.73978314608458,97.8,226.93856,220,0,-6.938559999999995
22301228,2023-12-08,PHX,SAC,115.9,116.0,101.19709560188367,107.73978314608458,102.28888657374898,231.7650108440949,220,0,-11.765010844094888
22300308,2023-12-12,PHX,GSW,116.7,115.5,101.24086310888647,103.67049576703057,97.8,227.09456,235,1,7.905439999999999
22300317,2023-12-13,PHX,BKN,116.8,120.3,100.7955151045395,103.4644355081396,97.8,229.64256,228,0,-1.6425600000000031
22300333,2023-12-15,PHX,NYK,115.0,115.8,99.69432462834902,102.43285047421459,103.40595945491167,232.39408760592104,261,1,28.605912394078956
22300333,2023-12-15,PHX,NYK,115.0,115.8,99.69432462834902,102.43285047421459,97.8,226.36656,261,1,34.63344000000001
22300347,2023-12-17,PHX,WAS,116.2,116.7,100.74933283852965,110.74946841008318,97.8,227.45856,220,0,-7.458560000000006
22300405,2023-12-25,PHX,DAL,117.4,114.9,100.66920431343952,104.94853792436238,97.8,227.14656000000002,242,1,14.853439999999978
22300436,2023-12-29,PHX,CHA,115.5,107.4,102.1849630894303,100.44573675014198,97.8,222.25856,252,1,29.74144000000001
22300450,2023-12-31,PHX,ORL,116.8,110.5,102.96761401590966,99.87749807035784,97.8,224.54656,219,0,-5.5465599999999995
22400249,2024-11-18,PHX,ORL,115.7,111.6,102.96713856639376,98.1706528322626,97.8,224.54656,208,0,-16.54656
22400257,2024-11-20,PHX,NYK,114.5,120.8,101.99505124820287,107.35636774685183,97.8,228.70656000000002,260,1,31.293439999999975
22400039,2024-11-26,PHX,LAL,115.1,114.9,103.09624172439335,104.10144302041925,97.8,225.95056,227,1,1.0494400000000041
22400297,2024-11-27,PHX,BKN,117.2,111.8,101.9931833462304,103.26884761169572,97.8,225.43056,244,1,18.569439999999986
22400303,2024-11-30,PHX,GSW,117.0,113.7,102.8517956195916,100.89635461491146,97.8,226.31456000000003,218,0,-8.314560000000029
22400057,2024-12-03,PHX,SAS,117.1,110.3,103.10462118947994,103.08289372724738,102.25010362529045,229.3833114179123,197,0,-32.383311417912296
22400057,2024-12-03,PHX,SAS,117.1,110.3,103.10462118947994,103.08289372724738,97.8,224.59856000000002,197,0,-27.59856000000002
22401219,2024-12-15,PHX,POR,115.3,104.5,102.53211383925954,99.63977278113991,97.8,220.64656000000002,225,1,4.353439999999978
22400369,2024-12-19,PHX,IND,115.7,116.7,103.60433938219637,103.16242086904872,101.35098426141131,231.01657827786943,231,0,-0.016578277869427893
22400369,2024-12-19,PHX,IND,115.7,116.7,103.60433938219637,103.16242086904872,97.8,227.19856,231,1,3.8014400000000137
22400387,2024-12-21,PHX,DET,115.4,114.6,103.3811250964821,101.3320838358012,96.08332184014684,224.10478764252588,258,1,33.89521235747412
22400387,2024-12-21,PHX,DET,115.4,114.6,103.3811250964821,101.3320838358012,97.8,225.95056,258,1,32.049440000000004
22400409,2024-12-25,PHX,DEN,114.6,124.7,103.27959183573601,106.16928833793753,97.8,230.78656,210,0,-20.78656000000001
22400453,2024-12-31,PHX,MEM,113.4,122.5,100.61957469340796,107.62276427167552,97.8,229.01856,229,0,-0.018560000000007904
22500239,2025-11-16,PHX,ATL,112.4,116.1,101.80558659816985,103.99216016880973,97.8,225.17056000000002,246,1,20.829439999999977
22500053,2025-11-21,PHX,MIN,111.9,106.4,101.80637788979026,97.50416187651643,97.8,219.86656000000002,227,1,7.133439999999979
22500281,2025-11-23,PHX,SAS,111.6,111.3,101.84575948971055,98.768236423129,97.8,222.25856,213,0,-9.258559999999989
22500290,2025-11-24,PHX,HOU,111.4,112.6,100.18653329923437,97.69111496384403,101.5081991587784,226.81761573551856,206,0,-20.817615735518558
22500290,2025-11-24,PHX,HOU,111.4,112.6,100.18653329923437,97.69111496384403,97.8,222.83056000000002,206,0,-16.83056000000002
22500299,2025-11-29,PHX,DEN,110.2,124.4,98.12566297265793,107.2635961288532,97.8,228.34256,242,1,13.657440000000008
22501228,2025-12-14,PHX,LAL,109.8,111.7,100.93048772986685,106.16135609023333,97.8,221.53056,230,1,8.469439999999992
22500378,2025-12-18,PHX,GSW,110.1,108.2,100.33771950224384,100.24233268868754,102.86304146790637,225.31034218629293,197,0,-28.310342186292928
22500378,2025-12-18,PHX,GSW,110.1,108.2,100.33771950224384,100.24233268868754,97.8,219.86656,197,0,-22.866559999999993
22500418,2025-12-23,PHX,LAL,107.5,113.2,99.0413392800305,105.38397625863267,97.8,221.11456,240,1,18.88543999999999
22500418,2025-12-23,PHX,LAL,107.5,113.2,99.0413392800305,105.38397625863267,105.49003175571805,229.38288214374808,240,1,10.617117856251923
22100208,2021-11-15,POR,TOR,110.5,106.2,97.8,97.8,95.82491951015722,216.91095345732106,231,1,14.089046542678943
22100208,2021-11-15,POR,TOR,110.5,106.2,97.8,97.8,97.8,219.03456,231,1,11.965440000000001
22100223,2021-11-17,POR,CHI,110.5,106.2,97.8,97.8,91.29584950438075,212.0412973871102,219,1,6.958702612889795
22100223,2021-11-17,POR,CHI,110.5,106.2,97.8,97.8,97.8,219.03456,219,0,-0.034559999999999036
22100246,2021-11-20,POR,PHI,110.5,106.2,97.8,97.8,97.16456012130475,218.35133504242685,229,1,10.648664957573146
22100246,2021-11-20,POR,PHI,110.5,106.2,97.8,97.8,97.8,219.03456,229,1,9.965440000000001
22100265,2021-11-23,POR,DEN,110.5,106.2,97.8,97.8,97.8,219.03456,219,0,-0.034559999999999036
22100317,2021-11-30,POR,DET,110.5,106.2,97.8,94.92517944259944,97.8,219.03456,202,0,-17.03456
22100332,2021-12-02,POR,SAS,110.5,106.2,100.84016687435924,97.8,97.8,219.03456,197,0,-22.03456
22100362,2021-12-06,POR,LAC,110.5,106.2,100.9721334994874,94.17841000568032,97.8,219.03456,192,0,-27.03456
22100362,2021-12-06,POR,LAC,110.5,106.2,100.9721334994874,94.17841000568032,96.5728169090583,217.71509274061953,192,0,-25.715092740619525
22100402,2021-12-12,POR,MIN,108.375,106.2,98.81228473307412,98.32138700748753,97.8,217.92956,227,1,9.07043999999999
22100416,2021-12-14,POR,PHX,108.66666666666667,106.2,98.62843396247541,96.27727867279496,97.8,218.08122666666668,218,0,-0.0812266666666801
22100426,2021-12-15,POR,MEM,108.5,106.2,97.74598098128293,96.73046695804659,97.60953386855053,217.78977081546554,216,0,-1.7897708154655447
22100426,2021-12-15,POR,MEM,108.5,106.2,97.74598098128293,96.73046695804659,97.40391105775922,217.5686851693027,216,0,-1.5686851693027108
22100439,2021-12-17,POR,CHA,107.0,118.22222222222223,97.2267042329267,105.54073355885505,97.8,223.46611555555558,241,1,17.533884444444425
22100506,2021-12-27,POR,DAL,108.3,106.5,95.97442769016585,91.71227245489463,97.8,218.04656,249,1,30.95344
22100523,2021-12-29,POR,UTA,108.2,106.2,96.38427913074209,102.08727875874085,97.8,217.83856,225,1,7.161439999999999
22200209,2022-11-15,POR,SAS,106.8,111.3,98.97981361009398,103.86631559936556,97.8,219.76256,227,1,7.237439999999992
22200221,2022-11-17,POR,BKN,107.5,115.77777777777777,97.80637950616195,99.25769851300156,97.8,222.45500444444446,216,0,-6.455004444444455
22200238,2022-11-19,POR,UTA,109.9,118.625,98.54238269404799,102.42256199571834,97.8,225.18356,231,1,5.81644
22200311,2022-11-29,POR,LAC,109.5,103.8,99.88722663852302,95.71946727331533,97.8,217.26656,230,1,12.733440000000002
22200351,2022-12-04,POR,IND,111.7,107.1,101.1746897523966,101.75741998172678,97.8,220.12655999999998,216,0,-4.126559999999984
22200376,2022-12-08,POR,DEN,112.2,107.6,100.87460083716246,98.23008210641837,97.8,220.64656000000002,241,1,20.353439999999978
22200394,2022-12-10,POR,MIN,113.5,115.6,100.8011248591569,102.75928572048622,97.8,225.48255999999998,242,1,16.517440000000022
22200407,2022-12-12,POR,MIN,115.6,115.0,101.39420182023179,103.28011905381953,97.8,226.26256,245,1,18.737439999999992
22200504,2022-12-26,POR,CHA,116.4,115.3,102.75929750817494,105.04903573420142,97.8,226.83456,237,1,10.16543999999999
22300199,2023-11-15,POR,CLE,117.1,100.9,102.83246991981571,97.83698474678975,102.56431592045011,224.83315247766797,204,0,-20.833152477667966
22300199,2023-11-15,POR,CLE,117.1,100.9,102.83246991981571,97.83698474678975,97.8,219.71056000000002,204,0,-15.710560000000015
22300036,2023-11-17,POR,LAL,116.1,115.7,102.32331997884756,106.02382245322622,97.8,226.88656,202,0,-24.886560000000003
22300036,2023-11-17,POR,LAL,116.1,115.7,102.32331997884756,106.02382245322622,99.68752308631709,228.91602482240813,202,0,-26.916024822408133
22300215,2023-11-19,POR,OKC,113.9,115.1,100.80373134511632,101.4322242503004,97.8,225.43056,225,0,-0.43056000000001404
22300237,2023-11-22,POR,UTA,112.3,111.5,99.43524863174018,105.32512053173218,102.53237667571821,227.81481140173224,226,0,-1.8148114017322428
22300237,2023-11-22,POR,UTA,112.3,111.5,99.43524863174018,105.32512053173218,101.1902090221829,226.37171274065105,226,0,-0.37171274065104853
22301226,2023-12-08,POR,DAL,113.1,110.9,96.7329153580181,103.8173202351303,97.8,222.83056000000002,237,1,14.16943999999998
22300323,2023-12-14,POR,UTA,113.1,108.2,97.79628598635242,99.1675050758431,97.8,221.42656,236,1,14.573440000000005
22300341,2023-12-16,POR,DAL,112.9,114.0,99.08621895182743,103.0190688247729,97.8,224.33856,251,1,26.66144
22300341,2023-12-16,POR,DAL,112.9,114.0,99.08621895182743,103.0190688247729,107.31044233811494,234.56418760194117,251,1,16.43581239805883
22300348,2023-12-17,POR,GSW,112.9,115.4,100.94031769713467,104.60117275774388,97.8,225.06656000000004,232,1,6.933439999999962
22300363,2023-12-19,POR,PHX,111.9,116.1,101.26991234491113,100.55820228814808,97.8,224.91056000000003,213,0,-11.910560000000032
22300381,2023-12-21,POR,WAS,109.5,116.9,100.75124014574101,110.3744870891029,97.8,224.07855999999998,235,1,10.921440000000018
22300413,2023-12-26,POR,SAC,108.8,117.1,101.86870087484594,105.95886810100869,97.8,223.81856,243,1,19.18144000000001
22300427,2023-12-28,POR,SAS,112.3,107.4,102.57554611294118,104.85438564781629,97.8,220.59456,223,1,2.4054399999999987
22400239,2024-11-17,POR,ATL,117.6,123.4,105.30206093401091,109.30416362841947,97.8,231.67056000000002,224,0,-7.670560000000023
22400049,2024-11-29,POR,SAC,116.9,109.8,100.19042162603681,99.49855983680631,97.8,224.23456,221,0,-3.2345599999999877
22400339,2024-12-06,POR,UTA,118.9,116.0,101.39609512379927,101.5365767242156,97.8,228.49856,240,1,11.501440000000002
22401215,2024-12-13,POR,SAS,116.8,110.2,100.48132488315225,102.41215795368485,97.8,224.39056,234,1,9.609440000000006
22400371,2024-12-19,POR,DEN,117.0,117.5,99.74657647068808,106.67113425931666,97.8,228.29056000000003,250,1,21.709439999999972
22400417,2024-12-26,POR,UTA,118.7,113.6,102.92950161169885,103.38426792606326,97.8,227.14656000000002,242,1,14.853439999999978
22400434,2024-12-28,POR,DAL,119.2,122.0,103.74486665813235,101.28220413236909,103.63439220789435,238.047698501928,248,1,9.95230149807199
22400434,2024-12-28,POR,DAL,119.2,122.0,103.74486665813235,101.28220413236909,97.8,231.77456,248,1,16.225439999999992
22400447,2024-12-30,POR,PHI,118.8,106.7,104.19191786355178,96.417686956902,97.8,223.61056000000002,228,1,4.389439999999979
22500254,2025-11-18,POR,PHX,118.6,110.8,103.92981416751405,101.61880285977826,97.8,225.63855999999998,237,1,11.361440000000016
22500263,2025-11-19,POR,CHI,116.2,125.5,104.22573128954959,102.43282801861994,97.8,232.03456,243,1,10.965440000000001
22500067,2025-11-26,POR,SAS,116.9,108.7,105.14407650855684,97.95056233466516,97.8,223.66256,217,0,-6.662560000000013
22500305,2025-11-30,POR,OKC,115.6,112.5,103.95498961861414,100.37764505044235,97.8,224.96256,238,1,13.037440000000004
22500408,2025-12-22,POR,DET,119.5,119.3,102.95143621778148,101.36232916364071,97.8,230.52656000000002,212,0,-18.526560000000018
22500420,2025-12-23,POR,ORL,117.1,116.7,102.7337408614592,103.3395800863779,106.32619166956867,237.09392128312024,216,0,-21.09392128312024
22500420,2025-12-23,POR,ORL,117.1,116.7,102.7337408614592,103.3395800863779,105.56189372907191,236.27214813749814,216,0,-20.272148137498135
22100238,2021-11-19,SAC,TOR,110.5,106.2,97.8,97.8,97.8,219.03456,197,0,-22.03456
22100247,2021-11-20,SAC,UTA,110.5,106.2,97.8,97.8,97.8,219.03456,228,1,8.965440000000001
22100262,2021-11-22,SAC,PHI,110.5,106.2,97.8,97.8,97.8,219.03456,196,0,-23.03456
22100279,2021-11-24,SAC,POR,110.5,106.2,97.8,97.8,99.71069310868552,221.08893723045867,246,1,24.91106276954133
22100279,2021-11-24,SAC,POR,110.5,106.2,97.8,97.8,97.8,219.03456,246,1,26.96544
22100318,2021-11-30,SAC,LAL,110.5,106.2,97.67087531777977,98.13167247772017,97.8,219.03456,209,0,-10.034559999999999
22100348,2021-12-04,SAC,LAC,110.5,106.2,98.0875605388612,94.57135474068818,97.8,219.03456,203,0,-16.03456
22100427,2021-12-15,SAC,WAS,110.5,103.2,100.85362633681855,96.92087959113599,97.53088806105264,217.1852108432438,224,1,6.814789156756206
22100427,2021-12-15,SAC,WAS,110.5,103.2,100.85362633681855,96.92087959113599,97.8,217.47456,224,1,6.525440000000003
22100440,2021-12-17,SAC,MEM,108.75,106.2,100.70481681300903,95.9858018720952,97.8,218.12456,229,1,10.875439999999998
22100451,2021-12-19,SAC,SAS,108.33333333333333,106.2,101.92647451374624,99.78414022198596,97.8,217.90789333333333,235,1,17.092106666666666
22100475,2021-12-22,SAC,LAC,109.6,106.2,101.47377625447325,95.85766116401616,97.8,218.56656,194,0,-24.56656000000001
22100496,2021-12-26,SAC,MEM,109.6,106.875,100.28776434971134,94.24713070876804,97.8,218.91755999999998,229,1,10.08244000000002
22100515,2021-12-28,SAC,OKC,109.3,98.88888888888889,100.99927934273785,95.80161896721917,97.8,214.60878222222223,228,1,13.391217777777769
22100515,2021-12-28,SAC,OKC,109.3,98.88888888888889,100.99927934273785,95.80161896721917,99.23848376170551,216.155439962808,228,1,11.844560037191997
22100524,2021-12-29,SAC,DAL,111.6,109.9,100.66353554108495,93.64015849520287,97.8,221.53056,189,0,-32.53056000000001
22100531,2021-12-31,SAC,DAL,108.6,108.9,100.47612198645147,93.64015849520287,97.8,219.45056,208,0,-11.450559999999996
22200222,2022-11-17,SAC,SAS,113.9,113.1,98.99312085031238,103.71966720971926,97.8,224.39056,242,1,17.609440000000006
22200307,2022-11-28,SAC,PHX,114.5,111.7,100.35713977559749,99.43475185891123,97.8,223.97456,239,1,15.025440000000003
22200323,2022-11-30,SAC,IND,115.7,106.5,101.43600882321653,99.2352060752437,97.8,221.89456,251,1,29.105439999999987
22200323,2022-11-30,SAC,IND,115.7,106.5,101.43600882321653,99.2352060752437,101.5889958654838,225.9684883545682,251,1,25.031511645431806
22200350,2022-12-04,SAC,CHI,117.3,110.7,103.1131118739804,102.38644884544031,97.8,224.91056000000003,211,0,-13.910560000000032
22200460,2022-12-19,SAC,CHA,119.4,111.2,101.4974756298562,102.75394458058516,97.8,226.26256,244,1,17.737439999999992
22200460,2022-12-19,SAC,CHA,119.4,111.2,101.4974756298562,102.75394458058516,104.14030815646333,233.07965932982938,244,1,10.920340670170617
22200475,2022-12-21,SAC,LAL,121.1,118.1,102.32202092914746,105.1963770151076,99.6532561639215,232.7271810274484,254,1,21.27281897255159
22200475,2022-12-21,SAC,LAL,121.1,118.1,102.32202092914746,105.1963770151076,97.8,230.73456,254,1,23.265440000000012
22200491,2022-12-23,SAC,WAS,122.8,112.9,103.47271029303577,101.81618413307439,97.8,228.91456,236,1,7.0854400000000055
22200491,2022-12-23,SAC,WAS,122.8,112.9,103.47271029303577,101.81618413307439,103.50212651357606,235.045486427397,236,1,0.9545135726029912
22200514,2022-12-27,SAC,DEN,124.4,107.8,103.3606361746855,102.26337549573032,103.56916701632103,233.29756837594837,219,0,-14.297568375948373
22200514,2022-12-27,SAC,DEN,124.4,107.8,103.3606361746855,102.26337549573032,97.8,227.09456,219,0,-8.094560000000001
22200522,2022-12-28,SAC,DEN,125.4,108.8,102.05788478367265,102.2263274815039,97.8,228.13456000000002,253,1,24.86543999999998
22200537,2022-12-30,SAC,UTA,122.8,112.3,103.31751726737154,102.62049625821392,97.8,228.60255999999998,251,1,22.397440000000017
22300060,2023-11-28,SAC,GSW,122.4,115.7,106.77700691877739,103.62149874742505,97.8,230.16256,247,1,16.837439999999987
22300264,2023-11-29,SAC,LAC,121.1,118.8,106.85063338819361,100.54304787836021,97.8,231.09856000000002,248,1,16.90143999999998
22300290,2023-12-02,SAC,DEN,121.1,111.0,106.62648515149307,103.15791686342591,103.58635073233242,233.26404430740382,240,1,6.735955692596178
22300290,2023-12-02,SAC,DEN,121.1,111.0,106.62648515149307,103.15791686342591,103.2714117097187,232.92542187028954,240,1,7.07457812971046
22301204,2023-12-04,SAC,NOP,119.7,113.5,106.77591730929345,101.78585398889147,97.8,227.61456,244,1,16.38543999999999
22300303,2023-12-11,SAC,BKN,120.4,122.1,106.55115935631972,102.23799187051857,97.8,232.45056,249,1,16.549440000000004
22300303,2023-12-11,SAC,BKN,120.4,122.1,106.55115935631972,102.23799187051857,107.18632744608585,242.54273927003152,249,1,6.457260729968482
22300324,2023-12-14,SAC,OKC,121.6,115.3,105.73564511024732,103.29534355852432,97.8,229.53856000000002,251,1,21.461439999999982
22300342,2023-12-16,SAC,UTA,121.0,107.8,105.84848718691201,99.45567726291154,97.8,225.32656,229,1,3.6734399999999994
22300342,2023-12-16,SAC,UTA,121.0,107.8,105.84848718691201,99.45567726291154,107.59257008705782,235.85553135760458,229,0,-6.855531357604576
22300373,2023-12-20,SAC,BOS,126.1,110.1,106.65159163999031,102.44755849812577,97.8,229.17456,263,1,33.825439999999986
22300387,2023-12-22,SAC,PHX,125.3,114.0,107.78598754711349,99.63200193248714,97.8,230.78656,225,0,-5.786560000000009
22300400,2023-12-23,SAC,MIN,124.7,117.0,107.37738399062813,99.07526048319289,103.82984273291012,238.51784690642498,208,0,-30.517846906424978
22300400,2023-12-23,SAC,MIN,124.7,117.0,107.37738399062813,99.07526048319289,97.8,232.03456,208,0,-24.03456
22400020,2024-11-15,SAC,MIN,122.1,115.7,104.20319590535217,99.9592884435411,97.8,230.00656,256,1,25.993439999999993
22400020,2024-11-15,SAC,MIN,122.1,115.7,104.20319590535217,99.9592884435411,101.924049523919,234.4407380481177,256,1,21.55926195188229
22400233,2024-11-16,SAC,UTA,123.0,112.9,104.64400902305209,104.39064116006477,97.8,229.01856,238,1,8.981439999999992
22400250,2024-11-18,SAC,ATL,122.8,120.7,104.27322014733583,108.26512119609384,97.8,232.97056000000003,217,0,-15.970560000000035
22400276,2024-11-24,SAC,BKN,121.9,109.9,102.29898332092762,103.12494583308256,97.8,226.88656000000003,211,0,-15.886560000000031
22400285,2024-11-25,SAC,OKC,119.1,118.6,101.62934046378479,101.70484630509088,97.8,229.95456000000001,239,1,9.045439999999985
22400313,2024-12-01,SAC,SAS,117.2,108.2,99.3841508409904,103.36870639942369,97.8,223.55856,252,1,28.44144
22400059,2024-12-03,SAC,HOU,117.2,115.1,100.91119929652878,101.50878923309047,97.8,227.14656000000002,231,1,3.8534399999999778
22400357,2024-12-08,SAC,UTA,114.9,118.5,101.66054188804203,102.31844163960325,97.8,227.71856,238,1,10.281440000000003
22401225,2024-12-16,SAC,DEN,117.1,114.7,101.25677549279676,104.42113425931666,97.8,226.88656,259,1,32.11344
22400372,2024-12-19,SAC,LAL,118.0,104.9,102.73341426546067,97.05911369176306,97.8,222.25856,213,0,-9.258559999999989
22400376,2024-12-21,SAC,LAL,118.2,105.3,103.35734333499643,96.19941180891789,97.8,222.57056,202,0,-20.57056
22400389,2024-12-22,SAC,IND,115.5,116.4,103.02252190642498,102.68001974744305,97.8,226.93856,217,0,-9.938559999999995
22400418,2024-12-26,SAC,DET,112.9,117.5,102.27474106697589,103.53927121578904,105.08352790645546,233.98980920502092,227,0,-6.989809205020919
22400418,2024-12-26,SAC,DET,112.9,117.5,102.27474106697589,103.53927121578904,97.8,226.15856000000002,227,1,0.8414399999999773
22400448,2024-12-30,SAC,DAL,113.4,121.9,103.73154894703168,103.06791841808338,97.8,228.70656000000002,210,0,-18.706560000000025
22500292,2025-11-24,SAC,MIN,114.1,107.2,101.47469594792898,98.61576901937359,97.8,221.42656,229,1,7.573440000000005
22500292,2025-11-24,SAC,MIN,114.1,107.2,101.47469594792898,98.61576901937359,100.95678204816589,224.82073205818799,229,1,4.179267941812014
22500068,2025-11-26,SAC,PHX,114.9,113.0,101.00580556158577,99.41286535361031,97.8,224.85856,212,0,-12.858560000000011
22500307,2025-11-30,SAC,MEM,112.4,114.1,100.50297410121816,102.17132308453485,97.8,224.13056,222,0,-2.1305600000000027
22501208,2025-12-11,SAC,DEN,111.1,123.1,100.36142368884327,109.00886654054841,97.8,228.13456000000002,241,1,12.865439999999978
22500394,2025-12-20,SAC,POR,107.5,115.0,102.20726818318214,104.91869812254339,99.03587717592596,223.3793751395556,191,0,-32.379375139555606
22500394,2025-12-20,SAC,POR,107.5,115.0,102.20726818318214,104.91869812254339,97.8,222.05056000000002,191,0,-31.05056000000002
22500401,2025-12-21,SAC,HOU,103.9,119.1,100.87244675461072,100.01494043996426,97.8,222.31056,249,1,26.68943999999999
22500421,2025-12-23,SAC,DET,106.4,118.9,99.96288305439487,100.25548146588392,97.8,223.50656000000004,263,1,39.493439999999964
22500421,2025-12-23,SAC,DET,106.4,118.9,99.96288305439487,100.25548146588392,105.14813320228502,231.40727281909687,263,1,31.592727180903125
22100260,2021-11-22,SAS,PHX,110.5,106.2,97.8,97.8,97.8,219.03456,226,1,6.965440000000001
22100277,2021-11-24,SAS,ATL,110.5,106.2,97.8,97.8,99.54890759565876,220.9149854468523,230,1,9.085014553147687
22100277,2021-11-24,SAS,ATL,110.5,106.2,97.8,97.8,97.8,219.03456,230,1,10.965440000000001
22100287,2021-11-26,SAS,BOS,110.5,106.2,97.8,97.8,97.8,219.03456,184,0,-35.03456
22100287,2021-11-26,SAS,BOS,110.5,106.2,97.8,97.8,96.3230179846103,217.446508937053,184,0,-33.44650893705301
22100311,2021-11-29,SAS,WAS,110.5,106.2,97.8,94.36431583323619,97.8,219.03456,215,0,-4.034559999999999
22100364,2021-12-07,SAS,NYK,110.5,106.2,94.26135181253207,93.80534642223701,97.8,219.03456,230,1,10.965440000000001
22100381,2021-12-09,SAS,DEN,110.5,106.375,95.103073774136,96.61148481221682,97.8,219.12556,234,1,14.874439999999993
22100397,2021-12-11,SAS,DEN,110.5,106.88888888888889,95.95409304142235,97.26588488738923,97.8,219.39278222222222,239,1,19.607217777777777
22100401,2021-12-12,SAS,NOP,110.5,104.125,96.84928766892286,96.00154262712074,97.8,217.95556000000002,209,0,-8.95556000000002
22100423,2021-12-15,SAS,CHA,110.625,116.625,97.35441710659005,104.61144586867526,97.8,224.52056000000002,246,1,21.479439999999983
22100498,2021-12-26,SAS,DET,111.11111111111111,99.88888888888889,101.52453676557299,95.46741818184768,97.8,216.07056,253,1,36.92944
22100504,2021-12-27,SAS,UTA,114.4,106.2,103.64278741311234,103.01254513084984,97.8,221.06256000000002,214,0,-7.062560000000019
22200269,2022-11-23,SAS,NOP,113.7,106.7,103.32863034891686,96.39303568546664,97.8,220.95856,239,1,18.041439999999994
22200282,2022-11-25,SAS,LAL,114.1,109.7,103.06929424933179,99.94147796673967,102.73440705299755,228.03203446338298,199,0,-29.032034463382985
22200282,2022-11-25,SAS,LAL,114.1,109.7,103.06929424933179,99.94147796673967,101.57261252588741,226.78287298783414,199,0,-27.78287298783414
22200333,2022-12-02,SAS,NOP,116.1,111.5,102.6130635183816,99.2317219720663,97.8,224.70256,216,0,-8.702560000000005
22200345,2022-12-04,SAS,PHX,115.1,112.4,101.46549362316932,102.96173516260615,97.8,224.65056,228,1,3.349439999999987
22200375,2022-12-08,SAS,HOU,112.3,108.2,100.49605249943949,101.74298651896652,97.8,221.01056,227,1,5.989440000000002
22200406,2022-12-12,SAS,CLE,112.9,101.1,101.05457198225129,91.92451440723165,97.8,217.63056,223,1,5.369439999999997
22200420,2022-12-14,SAS,POR,112.9,106.3,100.90637992534552,102.4016287844896,97.8,220.33456,240,1,19.66543999999999
22200439,2022-12-17,SAS,MIA,112.6,104.2,100.83134991334073,96.69752373318244,97.8,219.08656000000002,212,0,-7.08656000000002
22200503,2022-12-26,SAS,UTA,108.3,112.4,103.16443202439577,103.72137410935437,97.8,221.11456,248,1,26.88543999999999
22200527,2022-12-29,SAS,NYK,110.5,116.4,103.43681844360607,97.22699828395774,97.8,224.33856,237,1,12.661439999999999
22200542,2022-12-31,SAS,DAL,111.7,111.3,104.21482674236125,99.87364326673882,97.8,222.31056,251,1,28.68943999999999
22300032,2023-11-17,SAS,SAC,114.8,112.5,105.03173545605421,104.6561803476664,97.8,224.54656,249,1,24.45344
22300032,2023-11-17,SAS,SAC,114.8,112.5,105.03173545605421,104.6561803476664,99.13692591520318,225.98402274402645,249,1,23.015977255973553
22300206,2023-11-18,SAS,MEM,113.0,112.0,105.84679176903585,99.22036352380348,97.8,223.35056000000003,228,1,4.64943999999997
22300223,2023-11-20,SAS,LAC,113.9,118.6,105.92119653094058,99.08401736875918,97.8,227.25056,223,0,-4.250560000000007
22300235,2023-11-22,SAS,LAC,114.3,119.8,105.88705724510385,99.12397411137529,101.32760248665629,231.87543819365283,211,0,-20.875438193652826
22300235,2023-11-22,SAS,LAC,114.3,119.8,105.88705724510385,99.12397411137529,102.44608617398868,233.07803185427264,211,0,-22.078031854272638
22301223,2023-12-08,SAS,CHI,115.0,110.6,104.16580295646406,95.8040047234312,100.99311119666564,227.09579315865489,233,1,5.904206841345115
22301223,2023-12-08,SAS,CHI,115.0,110.6,104.16580295646406,95.8040047234312,97.8,223.66255999999998,233,1,9.337440000000015
22300316,2023-12-13,SAS,LAL,115.0,116.2,102.27155005421461,101.14339075141157,97.8,226.57456000000002,241,1,14.42543999999998
22300331,2023-12-15,SAS,LAL,116.8,116.9,101.97578599085041,102.37138063983558,97.8,227.87456,244,1,16.125439999999998
22300345,2023-12-17,SAS,NOP,117.1,114.5,101.86619207428936,102.55601672601112,97.8,226.78256,256,1,29.21744000000001
22300412,2023-12-26,SAS,UTA,115.9,109.0,104.96429475668806,102.87475047454137,97.8,223.29856,248,1,24.70143999999999
22300448,2023-12-31,SAS,BOS,115.2,119.4,104.70619359091056,105.94296051345104,97.8,228.34256,235,1,6.657440000000008
22400015,2024-11-15,SAS,LAL,113.3,116.8,106.07914360079002,105.91408111361699,97.8,226.00256000000002,235,1,8.997439999999983
22400025,2024-11-19,SAS,OKC,114.0,119.5,106.48296367312275,104.72012385723919,97.8,227.77056000000002,214,0,-13.770560000000017
22400262,2024-11-21,SAS,UTA,115.1,116.2,105.47429660797032,104.35591252204279,97.8,226.62655999999998,244,1,17.373440000000016
22400269,2024-11-23,SAS,GSW,117.5,115.8,105.47429660797035,103.06728404854836,97.8,227.66656,198,0,-29.666560000000004
22400296,2024-11-27,SAS,LAL,114.4,112.4,103.0271209015882,103.95076559463722,102.9092147640254,229.77998771428014,220,0,-9.77998771428014
22400296,2024-11-27,SAS,LAL,114.4,112.4,103.0271209015882,103.95076559463722,101.91839061552457,228.71465358981203,220,0,-8.71465358981203
22400331,2024-12-05,SAS,CHI,113.3,119.8,101.19003658439026,107.23149567948848,97.8,227.56256,263,1,35.43744000000001
22400337,2024-12-06,SAS,SAC,113.8,110.9,102.51166274522802,100.31937277052263,97.8,223.19456000000002,253,1,29.805439999999976
22400354,2024-12-08,SAS,NOP,112.2,113.0,102.30147701118335,98.53603302196346,97.8,223.45456000000001,237,1,13.545439999999985
22401218,2024-12-15,SAS,MIN,113.3,110.2,102.30071435076833,94.1305579962523,97.8,222.57056,198,0,-24.57056
22400370,2024-12-19,SAS,ATL,110.7,113.9,102.17660220591038,103.36231651420366,97.8,223.14256,259,1,35.85744
22400386,2024-12-21,SAS,POR,113.9,104.8,102.8755907861476,101.27048478920221,97.8,220.07456000000002,208,0,-12.07456000000002
22400451,2024-12-31,SAS,LAC,113.8,107.9,100.03464934739132,98.01820292432325,97.8,221.63456000000002,208,0,-13.634560000000022
22500234,2025-11-16,SAS,SAC,115.0,114.5,100.50443726255737,102.21411127342652,97.8,225.69056,233,1,7.309439999999995
22500252,2025-11-18,SAS,MEM,114.7,121.8,99.55329124398399,106.6237054049128,97.8,229.33056000000002,212,0,-17.33056000000002
22500267,2025-11-20,SAS,ATL,115.4,117.6,98.00186737550996,104.62613155467898,97.8,227.51056,261,1,33.48944
22500322,2025-12-02,SAS,MEM,118.8,114.6,100.46249024679967,102.09722705608199,97.8,227.71856,245,1,17.281440000000003
22500370,2025-12-18,SAS,WAS,119.0,103.3,106.50498295791346,105.03723544860144,97.8,221.94656,213,0,-8.946560000000005
22500417,2025-12-23,SAS,OKC,119.6,119.9,105.96244566291246,101.85881435813617,106.25961472500607,239.98633775232656,240,1,0.013662247673437378
22500417,2025-12-23,SAS,OKC,119.6,119.9,105.96244566291246,101.85881435813617,105.54220787419362,239.21498190633298,240,1,0.7850180936670199
22100302,2021-11-28,TOR,BOS,110.5,106.2,97.8,97.8,97.8,219.03456,206,0,-13.034559999999999
22100315,2021-11-30,TOR,MEM,110.5,106.2,97.8,97.8,97.8,219.03456,189,0,-30.03456
22100329,2021-12-02,TOR,MIL,110.5,106.2,96.42421534166019,98.04157944934386,97.8,219.03456,190,0,-29.03456
22100351,2021-12-05,TOR,WAS,110.5,106.2,95.48819141480905,95.13638597891018,97.8,219.03456,192,0,-27.03456
22100371,2021-12-08,TOR,OKC,110.5,106.2,94.73937227332814,93.45618498392554,97.8,219.03456,219,0,-0.034559999999999036
22100371,2021-12-08,TOR,OKC,110.5,106.2,94.73937227332814,93.45618498392554,97.06515501877838,218.24445467619054,219,1,0.7555453238094572
22100406,2021-12-13,TOR,SAC,110.5,106.2,94.43013165634488,99.81642395586618,97.12854143079888,218.31260774639497,225,1,6.687392253605026
22100406,2021-12-13,TOR,SAC,110.5,106.2,94.43013165634488,99.81642395586618,97.8,219.03456,225,1,5.965440000000001
22100443,2021-12-18,TOR,GSW,110.5,104.22222222222223,94.67354042942229,93.04467344802792,97.8,218.00611555555557,219,1,0.9938844444444328
22100510,2021-12-28,TOR,PHI,103.625,104.1,96.27373771788125,93.14779823189178,97.8,214.36756,223,1,8.632440000000003
22100534,2021-12-31,TOR,LAC,104.22222222222223,101.22222222222223,95.71539327014365,93.50650335157066,97.8,213.18167111111114,224,1,10.818328888888857
22200215,2022-11-16,TOR,MIA,105.4,104.3,96.16618027950805,94.65836519875923,97.8,215.39456,216,1,0.6054399999999873
22200266,2022-11-23,TOR,BKN,106.9,114.0,97.42787159587078,100.85138188341391,100.0275069003687,223.61357541927646,210,0,-13.613575419276458
22200266,2022-11-23,TOR,BKN,106.9,114.0,97.42787159587078,100.85138188341391,100.79607027379889,224.43993475838857,210,0,-14.439934758388574
22200286,2022-11-26,TOR,DAL,107.6,111.0,97.84247214683496,95.89233673242427,97.8,220.02256,205,0,-15.022559999999999
22200303,2022-11-28,TOR,CLE,108.4,106.2,98.13562690873972,95.72600343730353,97.8,217.94256000000001,188,0,-29.942560000000014
22200303,2022-11-28,TOR,CLE,108.4,106.2,98.13562690873972,95.72600343730353,101.75775552898982,222.19793874476989,188,0,-34.197938744769885
22200340,2022-12-03,TOR,ORL,108.2,100.6,98.46841573443858,99.45671328457023,97.8,214.92656,229,1,14.073440000000005
22200355,2022-12-05,TOR,BOS,109.4,111.7,98.22765315582224,101.63707643388852,97.8,221.32256,226,1,4.67743999999999
22200366,2022-12-07,TOR,LAL,111.4,115.1,98.52187613547052,103.36398798156218,97.8,224.13056,239,1,14.869439999999997
22200366,2022-12-07,TOR,LAL,111.4,115.1,98.52187613547052,103.36398798156218,100.23676933551633,226.75057438954718,239,1,12.249425610452818
22200417,2022-12-14,TOR,SAC,111.6,106.6,97.74384837872468,101.4081899155705,97.8,219.81456000000003,247,1,27.18543999999997
22200433,2022-12-16,TOR,BKN,112.0,117.5,98.93046540105229,99.54657133221059,101.58553630186509,229.76076863176536,235,1,5.239231368234641
22200433,2022-12-16,TOR,BKN,112.0,117.5,98.93046540105229,99.54657133221059,100.93416364417908,229.06041275022136,235,1,5.93958724977864
22200448,2022-12-18,TOR,GSW,112.7,115.4,99.38461522135776,104.51091996678183,97.8,224.96256,236,1,11.037440000000004
22200509,2022-12-27,TOR,LAC,112.1,114.8,100.5355926663634,97.62947175640927,97.8,224.33856,237,1,12.661439999999999
22200526,2022-12-29,TOR,MEM,112.2,111.5,101.13456139845944,99.82210866342751,97.8,222.67456,225,1,2.325439999999986
22200531,2022-12-30,TOR,PHX,113.0,116.7,100.91657389354013,101.1190720447778,97.8,225.79456,217,0,-8.79455999999999
22300195,2023-11-15,TOR,MIL,113.8,107.8,100.64959210082304,101.96240257410373,97.8,221.58256,240,1,18.41744
22300031,2023-11-17,TOR,BOS,115.0,113.3,100.6125440865966,100.23818887741184,100.6809884488586,228.16419878021279,213,0,-15.164198780212786
22300031,2023-11-17,TOR,BOS,115.0,113.3,100.6125440865966,100.23818887741184,99.88698084355111,227.31048180298617,213,0,-14.310481802986175
22300211,2023-11-19,TOR,DET,113.4,109.2,100.31087791803712,103.92973616051563,97.8,222.10256,255,1,32.89743999999999
22300046,2023-11-24,TOR,CHI,116.6,113.0,102.3770354664486,97.39036113447885,98.0064732172492,225.96456000318634,229,1,3.0354399968136647
22300046,2023-11-24,TOR,CHI,116.6,113.0,102.3770354664486,97.39036113447885,98.39186012240621,226.37892800361118,229,1,2.621071996388821
22300260,2023-11-29,TOR,PHX,116.1,116.1,102.47935161839071,102.56542144505886,97.8,227.09456,217,0,-10.094560000000001
22300276,2023-12-01,TOR,NYK,115.0,115.3,102.18419223232225,98.50926457480301,97.8,226.10656,225,0,-1.1065600000000018
22301207,2023-12-06,TOR,MIA,114.0,111.6,101.77434857494228,102.64164406582785,97.8,223.66255999999998,215,0,-8.662559999999985
22300313,2023-12-13,TOR,ATL,113.3,118.2,102.80169563376667,108.25147892257303,106.35193763697947,235.92560334728034,263,1,27.074396652719656
22300313,2023-12-13,TOR,ATL,113.3,118.2,102.80169563376667,108.25147892257303,97.8,226.73056000000003,263,1,36.269439999999975
22300330,2023-12-15,TOR,ATL,115.5,120.7,104.42776656423092,109.20636087535415,97.8,229.17456,229,0,-0.17456000000001382
22300354,2023-12-18,TOR,CHA,115.3,112.3,103.45645753852857,101.52670385353461,97.8,224.70256,213,0,-11.702560000000005
22300369,2023-12-20,TOR,DEN,115.4,111.5,102.71240991948095,103.97259425952525,97.8,224.33856,217,0,-7.338560000000001
22300395,2023-12-23,TOR,UTA,114.6,106.3,101.28010281614168,101.09350047454137,97.8,221.21856,245,1,23.781440000000003
22400011,2024-11-15,TOR,DET,116.0,109.6,105.29262906246719,105.59095486367166,102.0072070819593,228.18614905452262,194,0,-34.186149054522616
22400011,2024-11-15,TOR,DET,116.0,109.6,105.29262906246719,105.59095486367166,101.30684672786133,227.4331216017965,194,0,-33.4331216017965
22400247,2024-11-18,TOR,IND,111.3,121.6,104.23779909088749,107.78552819307377,97.8,227.45856,249,1,21.541439999999994
22400261,2024-11-21,TOR,MIN,112.2,116.6,103.91785861469701,101.51170870409813,97.8,225.32656,215,0,-10.32656
22400309,2024-12-01,TOR,MIA,112.0,109.3,101.87621049787289,98.56438660049065,97.8,221.42656,235,1,13.573440000000005
22400309,2024-12-01,TOR,MIA,112.0,109.3,101.87621049787289,98.56438660049065,101.7249484041162,225.64666452410574,235,1,9.353335475894255
22400054,2024-12-03,TOR,IND,113.3,117.4,101.50418668834908,106.23120144144366,97.8,226.31456000000003,233,1,6.685439999999971
22400328,2024-12-05,TOR,OKC,115.2,114.3,101.46713867412264,99.18673392767234,97.8,225.69056,221,0,-4.690560000000005
22400328,2024-12-05,TOR,OKC,115.2,114.3,101.46713867412264,99.18673392767234,103.7953249436374,232.13673337939895,221,0,-11.136733379398947
22400344,2024-12-07,TOR,DAL,110.9,124.1,100.76353642904398,104.4181573391113,97.8,228.55056000000002,243,1,14.449439999999981
22400359,2024-12-09,TOR,NYK,112.3,119.1,100.3558733638179,103.13372409416205,97.8,226.67856,221,0,-5.6785600000000045
22401223,2024-12-16,TOR,CHI,111.7,121.6,100.8978716207068,107.04486114073575,97.8,227.66656,243,1,15.333439999999996
22400364,2024-12-19,TOR,BKN,113.4,112.0,100.6746573349925,100.62066373441905,97.8,223.55856,195,0,-28.55856
22400388,2024-12-22,TOR,HOU,110.9,113.5,100.00947876356393,97.074328177839,97.8,223.03856000000002,224,1,0.9614399999999819
22400438,2024-12-29,TOR,ATL,112.4,113.5,103.48390095922043,102.80168397833353,97.8,223.81856,243,1,19.18144000000001
22500245,2025-11-17,TOR,CHA,110.1,109.8,102.74417230156352,96.32825049317114,102.7454531700699,226.01591124845913,218,0,-8.015911248459133
22500245,2025-11-17,TOR,CHA,110.1,109.8,102.74417230156352,96.32825049317114,97.8,220.69856,218,0,-2.6985599999999863
22500050,2025-11-21,TOR,WAS,110.1,106.5,102.21868850846123,102.41545498805317,97.8,218.98255999999998,250,1,31.017440000000022
22500279,2025-11-23,TOR,BKN,112.2,112.6,103.29755755608028,96.6344344809227,97.8,223.24656,228,1,4.753440000000012
22500284,2025-11-24,TOR,CLE,111.9,118.3,103.73660714285712,101.15251807202158,97.8,226.05456,209,0,-17.05456000000001
22500284,2025-11-24,TOR,CLE,111.9,118.3,103.73660714285712,101.15251807202158,102.04518537620797,230.61898331649883,209,0,-21.618983316498827
22500063,2025-11-26,TOR,IND,113.7,114.5,102.439463544754,104.56858465838114,97.15610311498125,224.32224206922785,192,0,-32.322242069227855
22500063,2025-11-26,TOR,IND,113.7,114.5,102.439463544754,104.56858465838114,97.8,225.01456000000002,192,0,-33.01456000000002
22500319,2025-12-02,TOR,POR,111.6,109.8,100.0185132888198,105.0060350367814,97.8,221.47856000000002,239,1,17.521439999999984
22500336,2025-12-04,TOR,LAL,112.9,105.5,99.32654900310551,105.15309258414904,97.8,219.91856,243,1,23.081439999999986
22500344,2025-12-05,TOR,CHA,112.8,107.3,99.32654900310551,98.98810396566381,103.4720455381477,226.9011433626164,197,0,-29.90114336261641
22500344,2025-12-05,TOR,CHA,112.8,107.3,99.32654900310551,98.98810396566381,97.8,220.80256,197,0,-23.80256
22500358,2025-12-07,TOR,BOS,112.0,118.7,99.32654900310551,103.15278049815343,97.8,226.31456000000003,234,1,7.685439999999971
22501202,2025-12-09,TOR,NYK,112.3,118.0,99.2135291116046,101.80470140782894,97.8,226.10656,218,0,-8.106560000000002
22500388,2025-12-20,TOR,BOS,111.7,116.3,96.82924941424847,104.29762826568684,98.42277288837451,225.5801654095803,208,0,-17.580165409580303
22500388,2025-12-20,TOR,BOS,111.7,116.3,96.82924941424847,104.29762826568684,97.8,224.91056000000003,208,0,-16.910560000000032
22100211,2021-11-16,UTA,PHI,110.5,106.2,97.8,97.8,97.8,219.03456,205,0,-14.034559999999999
22100229,2021-11-18,UTA,TOR,110.5,106.2,97.8,97.8,97.8,219.03456,222,1,2.965440000000001
22100261,2021-11-22,UTA,MEM,110.5,106.2,97.8,97.8,94.10326486104086,215.05983037859113,237,1,21.94016962140887
22100261,2021-11-22,UTA,MEM,110.5,106.2,97.8,97.8,97.8,219.03456,237,1,17.96544
22100289,2021-11-26,UTA,NOP,110.5,106.2,97.8,97.8,96.27211728668338,217.391780506642,195,0,-22.391780506641993
22100289,2021-11-26,UTA,NOP,110.5,106.2,97.8,97.8,96.37160341393064,217.49874799065825,195,0,-22.498747990658245
22100299,2021-11-27,UTA,NOP,110.5,106.2,97.8,97.8,97.8,219.03456,232,1,12.965440000000001
22100312,2021-11-29,UTA,POR,110.5,106.2,97.8,97.8,97.8,219.03456,236,1,16.96544
22100425,2021-12-15,UTA,LAC,110.5,106.2,101.17858612784858,94.29123079340786,97.35257739306512,218.55349121302362,227,1,8.44650878697638
22100425,2021-12-15,UTA,LAC,110.5,106.2,101.17858612784858,94.29123079340786,97.8,219.03456,227,1,7.965440000000001
22100437,2021-12-17,UTA,SAS,121.375,106.2,101.29500059932998,98.77765237580145,97.8,224.68956000000003,254,1,29.31043999999997
22100437,2021-12-17,UTA,SAS,121.375,106.2,101.29500059932998,98.77765237580145,100.89888829261358,228.0214846922181,254,1,25.97851530778189
22100447,2021-12-18,UTA,WAS,121.88888888888889,105.1,102.2622625040919,96.81503181269404,97.8,224.3847822222222,212,0,-12.384782222222213
22100461,2021-12-20,UTA,CHA,120.0,118.1,101.36878789433098,108.04372220201105,97.8,230.16255999999998,214,0,-16.162559999999985
22100484,2021-12-23,UTA,MIN,119.2,112.5,101.3024424964694,97.70435725990383,97.8,226.83456,244,1,17.16543999999999
22100492,2021-12-25,UTA,DAL,120.1,105.44444444444444,103.00882463438681,92.23376204246519,97.8,223.6336711111111,236,1,12.366328888888887
22100537,2021-12-31,UTA,MIN,120.3,112.88888888888889,100.83974862635596,98.82192695000185,97.8,227.60878222222223,228,1,0.39121777777776856
22200208,2022-11-15,UTA,NYK,122.6,101.2,101.28247239636187,92.9616919887714,97.8,222.72656,229,1,6.273439999999994
22200270,2022-11-23,UTA,DET,121.5,107.2,103.16136114608389,99.37207292268631,97.8,225.27456,241,1,15.725439999999992
22200270,2022-11-23,UTA,DET,121.5,107.2,103.16136114608389,99.37207292268631,100.7481163819932,228.44437473391912,241,1,12.555625266080881
22200306,2022-11-28,UTA,CHI,119.4,112.2,104.35169202825018,102.01909479084777,97.8,226.78256,221,0,-5.7825599999999895
22200306,2022-11-28,UTA,CHI,119.4,112.2,104.35169202825018,102.01909479084777,100.79812960749152,230.0061489539749,221,0,-9.0061489539749
22200322,2022-11-30,UTA,LAC,117.7,103.7,103.56810327546926,96.94268155902962,97.8,221.47856000000002,237,1,15.521439999999984
22200322,2022-11-30,UTA,LAC,117.7,103.7,103.56810327546926,96.94268155902962,101.02929144262129,224.95069415910643,237,1,12.049305840893567
22200335,2022-12-02,UTA,IND,117.6,106.1,103.75195780901822,100.31813924851299,97.8,222.67456,258,1,35.325439999999986
22200343,2022-12-03,UTA,POR,121.2,105.4,105.40701609789393,102.02818338013816,97.8,224.18256000000002,227,1,2.8174399999999764
22200372,2022-12-07,UTA,GSW,121.1,111.3,105.48111212634682,101.98176317958563,100.60282168259843,230.21215387312984,247,1,16.787846126870164
22200372,2022-12-07,UTA,GSW,121.1,111.3,105.48111212634682,101.98176317958563,97.8,227.19856,247,1,19.801440000000014
22200385,2022-12-09,UTA,MIN,120.7,115.4,106.18795736444206,101.68488095858146,100.81618986477173,232.36556734260256,226,0,-6.36556734260256
22200385,2022-12-09,UTA,MIN,120.7,115.4,106.18795736444206,101.68488095858146,97.8,229.12256000000002,226,0,-3.1225600000000213
22200412,2022-12-13,UTA,NOP,119.5,112.7,104.89890258277835,100.69426945684063,97.8,227.09456,221,0,-6.094560000000001
22200426,2022-12-15,UTA,NOP,119.6,110.4,104.49276372682102,100.17652345802617,97.8,225.95056,261,1,35.049440000000004
22200478,2022-12-22,UTA,WAS,121.7,112.4,103.34654844687181,102.76856508545535,97.8,228.08256,232,1,3.917439999999999
22200546,2022-12-31,UTA,MIA,120.3,107.9,103.54839464786023,97.54253977520277,97.8,225.01456000000002,249,1,23.985439999999983
22300035,2023-11-17,UTA,PHX,121.0,114.9,103.622799409765,101.07484143759717,97.8,229.01856,259,1,29.981439999999992
22300243,2023-11-25,UTA,NOP,124.3,115.7,104.93905808788672,102.76111545841307,97.8,231.15056,205,0,-26.150560000000013
22300256,2023-11-27,UTA,NOP,120.9,114.5,104.34677750410509,101.19861545841307,97.8,228.75856,226,0,-2.7585599999999886
22300289,2023-12-02,UTA,POR,121.2,108.1,101.751539408867,96.83107418187724,104.2232335021598,232.49282066152222,231,0,-1.4928206615222166
22300289,2023-12-02,UTA,POR,121.2,108.1,101.751539408867,96.83107418187724,97.8,225.58656000000002,231,1,5.41343999999998
22301225,2023-12-08,UTA,LAC,120.6,121.2,101.20076184328036,99.46191335664948,97.8,232.08656000000002,220,0,-12.08656000000002
22301225,2023-12-08,UTA,LAC,120.6,121.2,101.20076184328036,99.46191335664948,101.72744772171305,236.30935179038588,220,0,-16.309351790385875
22300318,2023-12-13,UTA,NYK,120.1,116.6,100.19429079012879,102.50475423571918,97.8,229.43456,230,1,0.5654399999999953
22300357,2023-12-18,UTA,BKN,119.7,118.5,99.41847488195914,103.90867689829277,105.13981128539281,238.10632509405434,233,0,-5.106325094054341
22300357,2023-12-18,UTA,BKN,119.7,118.5,99.41847488195914,103.90867689829277,97.8,230.21456,233,1,2.785439999999994
22300439,2023-12-30,UTA,MIA,119.0,112.2,105.05750541614064,101.61903400377321,97.8,226.57456000000002,226,0,-0.5745600000000195
22400264,2024-11-23,UTA,NYK,118.7,122.4,104.65477683764351,107.35636774685183,97.8,231.72256000000002,227,0,-4.722560000000016
22400038,2024-11-26,UTA,SAS,118.5,107.4,104.58037207573874,103.28599390099544,97.8,223.81856,243,1,19.18144000000001
22400298,2024-11-27,UTA,DEN,117.2,111.5,104.91612745529642,100.44601837966006,101.73023256498594,229.50034605387287,225,0,-4.500346053872875
22400298,2024-11-27,UTA,DEN,117.2,111.5,104.91612745529642,100.44601837966006,101.66220879884175,229.42720690051465,225,0,-4.427206900514648
22400304,2024-11-30,UTA,DAL,113.8,119.2,104.36040724189986,104.97943862995713,97.8,227.51056,200,0,-27.510559999999998
22400311,2024-12-01,UTA,LAL,112.7,112.1,103.27984016029542,101.5794849836861,97.8,223.24656,209,0,-14.246559999999988
22401214,2024-12-13,UTA,PHX,111.7,109.1,102.83680381354971,101.09610193449764,97.8,221.16656,260,1,38.833439999999996
22400433,2024-12-28,UTA,PHI,112.5,104.5,103.34706554511087,96.13175130164815,103.90226550187991,225.7517158676213,225,0,-0.7517158676213
22400433,2024-12-28,UTA,PHI,112.5,104.5,103.34706554511087,96.13175130164815,104.05085653179972,225.9114809429911,225,0,-0.9114809429910906
22400445,2024-12-30,UTA,DEN,113.3,122.5,103.31262007733835,105.79558307928319,97.8,228.96656000000002,253,1,24.033439999999985
22500055,2025-11-21,UTA,OKC,116.2,111.0,107.44589834287937,95.76791157085978,97.8,224.49456,256,1,31.505439999999993
22500282,2025-11-23,UTA,LAL,115.7,106.6,108.11492628463458,100.48415735835397,97.8,221.94656,214,0,-7.946560000000005
22500282,2025-11-23,UTA,LAL,115.7,106.6,108.11492628463458,100.48415735835397,101.95494524185003,226.41395712403715,214,0,-12.413957124037154
22500077,2025-11-28,UTA,SAC,114.2,113.7,106.96764241752953,99.3093769901572,97.8,224.85856,247,1,22.14143999999999
22500301,2025-11-30,UTA,HOU,115.5,110.5,106.78070431241196,97.28282732306157,97.8,223.87056,230,1,6.129439999999988
22500316,2025-12-01,UTA,HOU,115.3,112.3,106.29628990045539,98.20623745170964,97.8,224.70256,258,1,33.297439999999995
22500363,2025-12-07,UTA,OKC,119.2,114.2,108.90172495781833,102.42783991679666,97.8,227.71856,232,1,4.2814400000000035
22500393,2025-12-20,UTA,ORL,122.7,114.2,109.36063429688949,104.61025632623294,97.8,229.53856000000002,255,1,25.461439999999982
22500419,2025-12-23,UTA,MEM,123.3,112.2,109.55111720734796,102.83639869364013,97.8,228.81056,265,1,36.18943999999999
22100201,2021-11-15,WAS,NOP,110.5,106.2,97.8,97.8,97.8,219.03456,205,0,-14.034559999999999
22100201,2021-11-15,WAS,NOP,110.5,106.2,97.8,97.8,96.71913212158941,217.87241085713293,205,0,-12.872410857132934
22100241,2021-11-20,WAS,MIA,110.5,106.2,97.8,97.8,97.8,219.03456,203,0,-16.03456
22100254,2021-11-22,WAS,CHA,110.5,106.2,97.8,97.8,97.8,219.03456,212,0,-7.034559999999999
22100254,2021-11-22,WAS,CHA,110.5,106.2,97.8,97.8,93.94539573273013,214.89008949183147,212,0,-2.890089491831475
22100321,2021-12-01,WAS,MIN,110.5,106.2,94.45593651921925,94.49716615243646,97.8,219.03456,222,1,2.965440000000001
22100334,2021-12-03,WAS,CLE,110.5,106.2,94.9625245768012,93.27361962044232,97.8,219.03456,217,0,-2.034559999999999
22100392,2021-12-11,WAS,UTA,110.5,106.2,95.97421757071398,100.6493730710743,97.8,219.03456,221,1,1.965440000000001
22100495,2021-12-26,WAS,PHI,110.5,103.5,97.62809303303281,92.58990453499393,97.8,217.63056,213,0,-4.630560000000003
22100527,2021-12-30,WAS,CLE,110.5,110.11111111111111,97.92313391772448,96.50928593107757,97.8,221.0683377777778,203,0,-18.0683377777778
22200213,2022-11-16,WAS,OKC,103.875,100.9,97.43389925942601,94.50399991960012,97.8,212.83356,241,1,28.166439999999994
22200213,2022-11-16,WAS,OKC,103.875,100.9,97.43389925942601,94.50399991960012,99.71716547658318,214.89489632042222,241,1,26.10510367957778
22200224,2022-11-18,WAS,MIA,105.66666666666667,104.7,99.0291373546641,95.32740293833639,99.27955743170976,217.33204681724104,213,0,-4.332046817241036
22200224,2022-11-18,WAS,MIA,105.66666666666667,104.7,99.0291373546641,95.32740293833639,97.8,215.7412266666667,213,0,-2.741226666666705
22200241,2022-11-20,WAS,CHA,105.8,115.9,97.91955377227718,101.93357772526953,97.8,221.63456000000002,208,0,-13.634560000000022
22200349,2022-12-04,WAS,LAL,109.8,114.2,99.9943118638799,104.25746259132308,97.8,222.83056000000002,249,1,26.16943999999998
22200389,2022-12-10,WAS,LAC,111.4,108.2,102.15689216557992,99.1757997746026,104.82907875384741,228.10022547613676,221,0,-7.100225476136757
22200389,2022-12-10,WAS,LAC,111.4,108.2,102.15689216557992,99.1757997746026,97.8,220.54256,221,1,0.4574399999999912
22200403,2022-12-12,WAS,BKN,110.6,117.6,101.41593188105118,100.66264276078202,97.8,225.01456000000002,212,0,-13.014560000000017
22200506,2022-12-27,WAS,PHI,110.5,111.8,102.44815763377174,97.96420436549887,97.8,221.94656,227,1,5.053439999999995
22200516,2022-12-28,WAS,PHX,112.3,119.8,102.18990210126827,101.67342212603926,97.8,227.04255999999998,229,1,1.9574400000000196
22300192,2023-11-15,WAS,DAL,115.4,113.9,101.08258364878527,101.2901485136057,97.8,225.58656000000002,247,1,21.41343999999998
22300028,2023-11-17,WAS,NYK,116.1,120.1,101.60249078176294,98.79010528642469,97.8,229.17456,219,0,-10.174560000000014
22300241,2023-11-25,WAS,ATL,116.2,112.1,104.51904630438692,107.50293269233934,97.8,225.06656,244,1,18.93343999999999
22301208,2023-12-06,WAS,PHI,116.4,116.7,106.77523316775013,102.80368845675635,98.42755313522306,228.23730513099184,257,1,28.762694869008158
22301208,2023-12-06,WAS,PHI,116.4,116.7,106.77523316775013,102.80368845675635,97.8,227.56256000000002,257,1,29.43743999999998
22300311,2023-12-13,WAS,NOP,114.8,113.4,108.880982685918,102.05006434505873,106.89244153466825,234.79075313807533,264,1,29.20924686192467
22300311,2023-12-13,WAS,NOP,114.8,113.4,108.880982685918,102.05006434505873,97.8,225.01456000000002,264,1,38.98543999999998
22300328,2023-12-15,WAS,IND,115.1,124.8,109.31345650532127,110.63800520208083,97.8,231.09856000000002,260,1,28.90143999999998
22300407,2023-12-26,WAS,ORL,118.1,107.9,109.68298590356646,102.99306516539669,97.8,223.87056,246,1,22.12943999999999
22300416,2023-12-27,WAS,TOR,120.0,113.3,110.1666168559474,102.66157198330647,97.8,227.66656,234,1,6.333439999999996
22300430,2023-12-29,WAS,BKN,118.6,117.8,109.25251885160043,104.85528600197831,104.87142699193164,236.88175830172491,214,0,-22.881758301724915
22300430,2023-12-29,WAS,BKN,118.6,117.8,109.25251885160043,104.85528600197831,97.8,229.27856,214,0,-15.278559999999999
22300445,2023-12-31,WAS,ATL,116.9,120.9,107.6941867532009,107.9675021484748,97.8,230.00656000000004,256,1,25.993439999999964
22400237,2024-11-17,WAS,DET,117.8,109.5,108.51312548622288,104.81416914938593,97.8,224.54656,228,1,3.4534400000000005
22400237,2024-11-17,WAS,DET,117.8,109.5,108.51312548622288,104.81416914938593,101.34321322600768,228.35622286060345,228,0,-0.3562228606034523
22400028,2024-11-22,WAS,BOS,118.3,121.1,107.04082706669014,104.99434203157146,97.8,230.83856,204,0,-26.83856
22400035,2024-11-26,WAS,CHI,115.0,115.8,105.0062820771462,103.5648574576361,97.8,226.36656,235,1,8.633440000000007
22400291,2024-11-27,WAS,LAC,115.0,118.0,104.12923208702568,99.09916479721456,102.53140686938961,232.59776866596775,217,0,-15.597768665967749
22400291,2024-11-27,WAS,LAC,115.0,118.0,104.12923208702568,99.09916479721456,97.8,227.51056,217,0,-10.510559999999998
22400326,2024-12-05,WAS,DAL,112.0,120.0,101.50110668388612,104.0090868071328,97.8,226.99056000000002,238,1,11.009439999999984
22400341,2024-12-07,WAS,DEN,109.9,112.8,101.7230847440211,102.59929218918386,97.8,222.15456,235,1,12.845439999999996
22400353,2024-12-08,WAS,MEM,108.4,116.7,102.537369223373,104.79191796794588,97.8,223.40256,252,1,28.597440000000006
22401217,2024-12-15,WAS,BOS,107.7,124.0,101.42685499693555,101.1101559450078,97.8,226.83456,210,0,-16.83456000000001
22400362,2024-12-19,WAS,CHA,107.3,110.5,100.82509603782661,96.03270639556585,101.4249015838525,223.5040541829582,237,1,13.495945817041786
22400362,2024-12-19,WAS,CHA,107.3,110.5,100.82509603782661,96.03270639556585,100.43533416560057,222.44007129485374,237,1,14.559928705146262
22400412,2024-12-26,WAS,CHA,108.6,110.0,101.28456924619712,95.74058053864638,97.8,220.02256,223,1,2.9774400000000014
22400443,2024-12-30,WAS,NYK,110.1,115.8,101.89863389782259,99.50974360520837,97.8,223.81856,232,1,8.18144000000001
22500235,2025-11-16,WAS,BKN,111.1,109.0,101.63960653168942,95.08413188080316,97.8,220.80256,235,1,14.19744
22500235,2025-11-16,WAS,BKN,111.1,109.0,101.63960653168942,95.08413188080316,104.94548352728222,228.48538388853385,235,1,6.514616111466154
22500057,2025-11-25,WAS,ATL,110.9,119.8,102.5270621309103,104.32390910979767,97.8,226.31456000000003,245,1,18.68543999999997
22500311,2025-12-01,WAS,MIL,114.5,108.7,103.17153347005713,98.49150658894462,97.8,222.41456,255,1,32.585440000000006
22500334,2025-12-04,WAS,BOS,117.3,117.5,104.2088778683974,103.33219132958656,97.8,228.44656,247,1,18.553439999999995
22500351,2025-12-06,WAS,ATL,115.2,119.0,104.91279013869969,104.04685961435773,97.8,228.13456000000002,247,1,18.86543999999998
22501212,2025-12-12,WAS,CLE,115.6,120.1,105.7709354365678,101.2090031573481,97.8,228.91456,256,1,27.085440000000006
22500399,2025-12-21,WAS,SAS,118.4,121.4,105.1136637709764,105.25498295791344,97.8,231.04656,237,1,5.9534400000000005
